t_s,true_range_m,est_range_m,bearing_deg,left_rad_s,right_rad_s,detected
0.0,1.2017678463125445,1.2142763533032437,0.0,1.2214145299548655,1.2214145299548655,1
0.032,1.2002549817640575,1.2062998368523143,0.003800006172144526,1.2095824005170717,1.2093171100398714,1
0.064,1.198720821680262,1.201215351394604,-0.0005134336705025081,1.2018051048758243,1.2018409493079876,1
0.096,1.197192182196949,1.2067064027024017,0.0,1.2100596040536025,1.2100596040536025,1
0.128,1.1956505601495229,1.2067064027024017,0.0,1.2100596040536025,1.2100596040536025,1
0.16,1.194107007662602,1.2067064027024017,0.0,1.2100596040536025,1.2100596040536025,1
0.192,1.1925623577828415,1.2067064027024017,0.0,1.2100596040536025,1.2100596040536025,1
0.224,1.191017013464741,1.1949759624352259,0.0,1.1924639436528388,1.1924639436528388,1
0.256,1.1894934454123902,1.1949759624352259,0.0,1.1924639436528388,1.1924639436528388,1
0.288,1.1879699724617394,1.1919408802259217,0.0,1.1879113203388825,1.1879113203388825,1
0.32,1.1864520388812054,1.1960321608179194,0.0,1.1940482412268791,1.1940482412268791,1
0.352,1.1849263225649345,1.1918243118407745,-0.00493433636782068,1.187564226929123,1.1879087085932005,1
0.384,1.1834083552032992,1.1890620378719612,0.0,1.1835930568079418,1.1835930568079418,1
0.416,1.181895709193215,1.1890620378719612,0.0,1.1835930568079418,1.1835930568079418,1
0.448,1.180383113217465,1.1852616499756303,0.0,1.1778924749634454,1.1778924749634454,1
0.48,1.1788776840179958,1.1852616499756303,0.0,1.1778924749634454,1.1778924749634454,1
0.512,1.1773723580733655,1.1803866326515353,0.0,1.170579948977303,1.170579948977303,1
0.544,1.1758762439281198,1.1803866326515353,0.0,1.170579948977303,1.170579948977303,1
0.576,1.1743802734224256,1.1852616499756303,0.0,1.1778924749634454,1.1778924749634454,1
0.608,1.1728750517640687,1.1852616499756303,0.0,1.1778924749634454,1.1778924749634454,1
0.64,1.1713696651408931,1.1732955113283758,0.0,1.1599432669925638,1.1599432669925638,1
0.672,1.1698869486766101,1.1732955113283758,0.0,1.1599432669925638,1.1599432669925638,1
0.704,1.168404620435696,1.1777314836934698,0.0,1.1665972255402046,1.1665972255402046,1
0.736,1.1669138640146592,1.1777314836934698,0.0,1.1665972255402046,1.1665972255402046,1
0.768,1.1654229506066511,1.174900787498799,-0.0038209017284103262,1.1622178066170865,1.1624845558793102,1
0.8,1.1639374025401803,1.1717606690154048,0.0,1.157641003523107,1.157641003523107,1
0.832,1.1624578960997818,1.1717606690154048,0.0,1.157641003523107,1.157641003523107,1
0.864,1.1609784865287476,1.1642335724985065,0.0,1.1463503587477597,1.1463503587477597,1
0.896,1.1595133213140005,1.1615296922427407,0.0,1.142294538364111,1.142294538364111,1
0.928,1.1580535110977666,1.1615296922427407,0.0,1.142294538364111,1.142294538364111,1
0.96,1.1565937638601698,1.1642307036619401,0.0,1.1463460554929101,1.1463460554929101,1
0.992,1.1551288811138718,1.1642307036619401,0.0,1.1463460554929101,1.1463460554929101,1
1.024,1.1536639013638432,1.166045414393947,0.0,1.1490681215909204,1.1490681215909204,1
1.056,1.1521954883372074,1.1641873418157698,0.0,1.1462810127236547,1.1462810127236547,1
1.088,1.1507305403660604,1.1641873418157698,0.0,1.1462810127236547,1.1462810127236547,1
1.12,1.1492656616532453,1.1641873418157698,0.0,1.1462810127236547,1.1462810127236547,1
1.152,1.1478007862425899,1.157125757809917,0.0,1.1356886367148755,1.1356886367148755,1
1.184,1.1463492863925584,1.157125757809917,0.0,1.1356886367148755,1.1356886367148755,1
1.216,1.144898015481237,1.157125757809917,0.0,1.1356886367148755,1.1356886367148755,1
1.248,1.1434467287301162,1.157125757809917,0.0,1.1356886367148755,1.1356886367148755,1
1.28,1.1419954336568567,1.157125757809917,0.0,1.1356886367148755,1.1356886367148755,1
1.312,1.1405441354669366,1.157125757809917,0.0,1.1356886367148755,1.1356886367148755,1
1.344,1.1390928374847658,1.157125757809917,0.0,1.1356886367148755,1.1356886367148755,1
1.376,1.137641541835832,1.157125757809917,0.0,1.1356886367148755,1.1356886367148755,1
1.408,1.1361902498821583,1.157125757809917,0.0,1.1356886367148755,1.1356886367148755,1
1.44,1.1347389624996138,1.1361108499736075,0.0,1.104166274960411,1.104166274960411,1
1.472,1.133327470996404,1.1361108499736075,0.0,1.104166274960411,1.104166274960411,1
1.504,1.1319166521987731,1.1376734481763042,0.0,1.1065101722644564,1.1065101722644564,1
1.536,1.130502817501233,1.1322148778641294,0.0,1.0983223167961942,1.0983223167961942,1
1.568,1.1290992330445317,1.1322148778641294,0.0,1.0983223167961942,1.0983223167961942,1
1.6,1.1276958061095197,1.1304332246574342,0.0,1.0956498369861514,1.0956498369861514,1
1.632,1.126295728381169,1.1298751911538432,0.0,1.0948127867307647,1.0948127867307647,1
1.664,1.1248967502237344,1.1313023037814385,0.0038358271257424186,1.0970873512979207,1.0968195600463946,1
1.696,1.1234950758523718,1.1298751911538432,0.0,1.0948127867307647,1.0948127867307647,1
1.728,1.1220960510224824,1.1298751911538432,0.0,1.0948127867307647,1.0948127867307647,1
1.76,1.1206970733277328,1.1298751911538432,0.0,1.0948127867307647,1.0948127867307647,1
1.792,1.1192980947416142,1.1223813070936022,0.0,1.0835719606404033,1.0835719606404033,1
1.824,1.1179133062028908,1.1223813070936022,0.0,1.0835719606404033,1.0835719606404033,1
1.856,1.1165287588698576,1.126365300303261,0.0,1.0895479504548915,1.0895479504548915,1
1.888,1.1151366502075335,1.126365300303261,0.0,1.0895479504548915,1.0895479504548915,1
1.92,1.1137444049926393,1.115664645200582,0.0,1.073496967800873,1.073496967800873,1
1.952,1.1123724271960311,1.11374387951585,0.0,1.0706158192737751,1.0706158192737751,1
1.984,1.111004433376627,1.11374387951585,0.0,1.0706158192737751,1.0706158192737751,1
2.016,1.1096364753588668,1.1144523830936413,0.0,1.0716785746404618,1.0716785746404618,1
2.048,1.1082671556109498,1.1144523830936413,0.0,1.0716785746404618,1.0716785746404618,1
2.08,1.1068978024052667,1.1091955270086788,0.0015522413290879745,1.0638474739569745,1.063739107069062,1
2.112,1.1055383991036938,1.1058023958737662,0.0,1.0587035938106493,1.0587035938106493,1
2.144,1.1041855874263158,1.106827039038467,0.0,1.0602405585577004,1.0602405585577004,1
2.176,1.1028309303864123,1.1052875035310854,0.0,1.057931255296628,1.057931255296628,1
2.208,1.101479138622371,1.1052875035310854,0.0,1.057931255296628,1.057931255296628,1
2.24,1.100127390066798,1.1102242634561788,0.0,1.065336395184268,1.065336395184268,1
2.272,1.0987662890741519,1.1102242634561788,0.0,1.065336395184268,1.065336395184268,1
2.304,1.0974050292641635,1.1083280686487607,0.0,1.062492102973141,1.062492102973141,1
2.336,1.0960473751056874,1.1057310285400883,0.0,1.0585965428101325,1.0585965428101325,1
2.368,1.094694710441812,1.097579382437086,0.0,1.046369073655629,1.046369073655629,1
2.4,1.0933575653326477,1.0960102930011772,0.0,1.0440154395017658,1.0440154395017658,1
2.432,1.0920236471482165,1.0960102930011772,0.0,1.0440154395017658,1.0440154395017658,1
2.464,1.0906897545725178,1.094617715203341,0.0,1.0419265728050113,1.0419265728050113,1
2.496,1.089358479816063,1.094617715203341,0.0,1.0419265728050113,1.0419265728050113,1
2.528,1.088027239589572,1.094617715203341,0.0,1.0419265728050113,1.0419265728050113,1
2.56,1.0866959910922038,1.0897362964339983,0.0,1.0346044446509974,1.0346044446509974,1
2.592,1.0853739804777456,1.0885917553340352,0.0,1.0328876330010528,1.0328876330010528,1
2.624,1.084054292010649,1.0873146681505401,0.0,1.0309720022258102,1.0309720022258102,1
2.656,1.0827370451571778,1.087914296405625,0.0,1.0318714446084374,1.0318714446084374,1
2.688,1.0814186942647104,1.0853750123151598,0.0,1.0280625184727397,1.0280625184727397,1
2.72,1.0801051235064294,1.0853750123151598,0.0,1.0280625184727397,1.0280625184727397,1
2.752,1.0787916324195856,1.0853750123151598,0.0,1.0280625184727397,1.0280625184727397,1
2.784,1.0774781351480194,1.0853750123151598,0.0,1.0280625184727397,1.0280625184727397,1
2.816,1.0761646359201797,1.0853750123151598,0.0,1.0280625184727397,1.0280625184727397,1
2.848,1.0748511375843377,1.0756781644660809,0.0,1.0135172466991214,1.0135172466991214,1
2.88,1.0735559983659506,1.0813850026859966,0.0,1.0220775040289949,1.0220775040289949,1
2.912,1.0722503685857252,1.0777126147404494,0.00037313493496293076,1.0165819469770128,1.0165558972443356,1
2.944,1.0709514844586554,1.0775932119554699,0.0,1.0163898179332047,1.0163898179332047,1
2.976,1.0696529463743363,1.0775932119554699,0.0,1.0163898179332047,1.0163898179332047,1
3.008,1.0683544055006327,1.0775932119554699,0.0,1.0163898179332047,1.0163898179332047,1
3.04,1.0670558619937018,1.0720423117493045,-0.007140310078587099,1.0078142237829875,1.0083127114649262,1
3.072,1.0657678266237722,1.068861849626046,0.0,1.003292774439069,1.003292774439069,1
3.104,1.0644859909531335,1.0700538003603561,0.0,1.0050807005405342,1.0050807005405342,1
3.136,1.0632019873007938,1.063902891996785,0.0,0.9958543379951774,0.9958543379951774,1
3.168,1.0619295729446314,1.063902891996785,0.0,0.9958543379951774,0.9958543379951774,1
3.2,1.0606573498300043,1.0615433143672108,0.0016865699055691587,0.9923738439466506,0.9922560991549817,1
3.232,1.0593895739175725,1.0613446564389377,0.0,0.9920169846584066,0.9920169846584066,1
3.264,1.0581222386818032,1.0620676476376874,0.0,0.9931014714565309,0.9931014714565309,1
3.296,1.0568535295295907,1.0681943200171236,0.0,1.0022914800256852,1.0022914800256852,1
3.328,1.055573194164969,1.064799542969282,0.0,0.9971993144539231,0.9971993144539231,1
3.36,1.0542990898771551,1.061783435664248,0.0,0.9926751534963718,0.9926751534963718,1
3.392,1.0530308237052286,1.061783435664248,0.0,0.9926751534963718,0.9926751534963718,1
3.424,1.0517626592394702,1.0584608666512214,0.0,0.9876912999768321,0.9876912999768321,1
3.456,1.0505007803237678,1.0584608666512214,0.0,0.9876912999768321,0.9876912999768321,1
3.488,1.0492390070021755,1.0584608666512214,0.0,0.9876912999768321,0.9876912999768321,1
3.52,1.0479772256388555,1.0584608666512214,0.0,0.9876912999768321,0.9876912999768321,1
3.552,1.0467154410971957,1.0584608666512214,0.0,0.9876912999768321,0.9876912999768321,1
3.584,1.0454536566756667,1.0584608666512214,0.0,0.9876912999768321,0.9876912999768321,1
3.616,1.0441918744831213,1.0584608666512214,0.0,0.9876912999768321,0.9876912999768321,1
3.648,1.0429300958703678,1.043540993078375,0.0,0.9653114896175625,0.9653114896175625,1
3.68,1.0416965616304,1.0465156334213037,0.0,0.9697734501319555,0.9697734501319555,1
3.712,1.0404578778355382,1.0436151086464804,0.0,0.9654226629697207,0.9654226629697207,1
3.744,1.0392245496009194,1.0411822534140962,0.0,0.9617733801211443,0.9617733801211443,1
3.776,1.0379959036151094,1.0397662947391895,0.0,0.9596494421087842,0.9596494421087842,1
3.808,1.0367699992400847,1.0426119847554862,-0.0018537343562752377,0.9638532695972807,0.963982684669178,1
3.84,1.03553873834836,1.0385180738929782,0.0,0.9577771108394673,0.9577771108394673,1
3.872,1.0343151230471845,1.0385180738929782,0.0,0.9577771108394673,0.9577771108394673,1
3.904,1.0330916411299407,1.0385180738929782,0.0,0.9577771108394673,0.9577771108394673,1
3.936,1.0318681509515295,1.0321451437356977,0.0,0.9482177156035465,0.9482177156035465,1
3.968,1.0306567192867577,1.0364203632785562,0.0,0.9546305449178343,0.9546305449178343,1
4.0,1.029437399317826,1.0323992182504742,0.0,0.9485988273757113,0.9485988273757113,1
4.032,1.0282255364800175,1.0323992182504742,0.0,0.9485988273757113,0.9485988273757113,1
4.064,1.0270138056423157,1.0323992182504742,0.0,0.9485988273757113,0.9485988273757113,1
4.096,1.0258020674087138,1.0323992182504742,0.0,0.9485988273757113,0.9485988273757113,1
4.128,1.0245903263321898,1.0323992182504742,0.0,0.9485988273757113,0.9485988273757113,1
4.16,1.023378585553574,1.0243889898618523,0.0,0.9365834847927785,0.9365834847927785,1
4.192,1.0221820072764978,1.0229679603936048,0.0,0.9344519405904073,0.9344519405904073,1
4.224,1.0209883776895132,1.0215177377788895,0.001208957189117569,0.9323188072352658,0.9322344061014028,1
4.256,1.0197975183963617,1.0217678812990652,0.0,0.9326518219485977,0.9326518219485977,1
4.288,1.0186062167476921,1.0209829403647952,0.0009343298770775677,0.9315070248125024,0.9314417962818833,1
4.32,1.0174163805868572,1.0180533492426156,0.0,0.9270800238639234,0.9270800238639234,1
4.352,1.0162321089473656,1.017705352553587,0.00037313493496293076,0.9265710536967191,0.9265450039640419,1
4.384,1.0150485860302634,1.0173892749135354,0.0,0.9260839123703031,0.9260839123703031,1
4.416,1.0138656634489274,1.0165378545936272,0.0,0.9248067818904409,0.9248067818904409,1
4.448,1.0126843574403743,1.0146388617035569,0.0020806003964681827,0.9220309192100087,0.921885665900662,1
4.48,1.0115066705026645,1.0121434819132964,0.0,0.9182152228699445,0.9182152228699445,1
4.512,1.0103337649537534,1.01349494077428,0.0,0.9202424111614198,0.9202424111614198,1
4.544,1.0091583766736416,1.01349494077428,0.0,0.9202424111614198,0.9202424111614198,1
4.576,1.0079829366108237,1.0148677042987424,0.0,0.9223015564481136,0.9223015564481136,1
4.608,1.0068048991585974,1.0096570267492462,0.0,0.9144855401238692,0.9144855401238692,1
4.64,1.0056366813292599,1.0086959770968789,0.0015044800574460318,0.9130964819063843,0.9129914493842521,1
4.672,1.0044704565253193,1.005287673261416,0.0,0.9079315098921239,0.9079315098921239,1
4.704,1.003310703871455,1.005287673261416,0.0,0.9079315098921239,0.9079315098921239,1
4.736,1.0021510535539238,1.0071034885700063,0.0,0.9106552328550095,0.9106552328550095,1
4.768,1.000987954532653,1.005982829528835,0.0,0.9089742442932527,0.9089742442932527,1
4.8,1.0009736527882243,1.0046679971796364,0.0,0.9070019957694546,0.9070019957694546,1
4.832,0.9998345146420449,1.0019253689204555,0.0,0.9028880533806831,0.9028880533806831,1
4.864,0.9986794123209978,1.0019253689204555,0.0,0.9028880533806831,0.9028880533806831,1
4.896,0.9975250202303025,0.9984970888067994,0.0,0.8977456332101992,0.8977456332101992,1
4.928,0.9963775413041521,1.0026844610952186,0.0,0.9040266916428279,0.9040266916428279,1
4.96,0.9952225209830167,0.9979500395190614,0.0,0.896925059278592,0.896925059278592,1
4.992,0.9940764915897727,0.9954471541763085,0.0,0.8931707312644627,0.8931707312644627,1
5.024,0.9929354698102113,0.9954471541763085,0.0,0.8931707312644627,0.8931707312644627,1
5.056,0.9917945924956331,0.99404755564863,0.0,0.891071333472945,0.891071333472945,1
5.088,0.9906563989474113,0.9931529126395926,0.0,0.8897293689593888,0.8897293689593888,1
5.12,0.9895199674748476,0.9931529126395926,0.0,0.8897293689593888,0.8897293689593888,1
5.152,0.9883835779882272,0.991455743431656,0.0,0.8871836151474839,0.8871836151474839,1
5.184,0.9872504078305961,0.9889969124534326,0.0,0.8834953686801488,0.8834953686801488,1
5.216,0.98612195170931,0.9860472324698718,0.0,0.8790708487048077,0.8790708487048077,1
5.248,0.984999157184063,0.9861996189983055,0.0,0.8792994284974582,0.8792994284974582,1
5.28,0.9838761640841673,0.9851391155691674,-0.002423884536107462,0.8776240638220646,0.8777932828854377,1
5.312,0.9827551629371046,0.9838844747840823,0.0,0.8758267121761234,0.8758267121761234,1
5.344,0.9816365658123691,0.9838844747840823,0.0,0.8758267121761234,0.8758267121761234,1
5.376,0.9805180051608643,0.9822385998290528,0.0,0.8733578997435791,0.8733578997435791,1
5.408,0.9794025547128605,0.9791088367717499,0.0,0.8686632551576248,0.8686632551576248,1
5.44,0.9782930783886639,0.9774293441371148,0.0,0.8661440162056722,0.8661440162056722,1
5.472,0.9771868767814416,0.9821419274082867,0.0,0.87321289111243,0.87321289111243,1
5.504,0.9760718022913766,0.9821419274082867,0.0,0.87321289111243,0.87321289111243,1
5.536,0.974956567668084,0.9783391910374499,0.0,0.8675087865561748,0.8675087865561748,1
5.568,0.9738485386254736,0.9761573273776614,0.0,0.8642359910664921,0.8642359910664921,1
5.6,0.9727447685418024,0.9761573273776614,0.0,0.8642359910664921,0.8642359910664921,1
5.632,0.9716410645301361,0.9761573273776614,0.0,0.8642359910664921,0.8642359910664921,1
5.664,0.9705373533714282,0.9723950854304917,0.0,0.8585926281457374,0.8585926281457374,1
5.696,0.9694407581375925,0.9704948004621295,0.0,0.8557422006931943,0.8557422006931943,1
5.728,0.968347879242937,0.9678863771925879,0.0,0.8518295657888817,0.8518295657888817,1
5.76,0.9672599874694785,0.9704961805693919,0.0,0.8557442708540879,0.8557442708540879,1
5.792,0.9661672315932217,0.9704961805693919,0.0,0.8557442708540879,0.8557442708540879,1
5.824,0.9650743800351945,0.9704961805693919,0.0,0.8557442708540879,0.8557442708540879,1
5.856,0.9639815305337949,0.9631636645777868,0.0,0.8447454968666801,0.8447454968666801,1
5.888,0.9629025579261487,0.9631636645777868,0.0,0.8447454968666801,0.8447454968666801,1
5.92,0.9618238244355027,0.96761747964913,0.0,0.851426219473695,0.851426219473695,1
5.952,0.9607366469026186,0.96761747964913,0.0,0.851426219473695,0.851426219473695,1
5.984,0.9596493172629791,0.9601501165861249,0.0,0.8402251748791874,0.8402251748791874,1
6.016,0.9585761252765866,0.9599389066112499,-0.0008865686054136999,0.8398774128344563,0.8399393069992934,1
6.048,0.9575035804566634,0.9605257971836398,0.0,0.8407886957754598,0.8407886957754598,1
6.08,0.95642991683524,0.9605257971836398,0.0,0.8407886957754598,0.8407886957754598,1
6.112,0.9553562256947906,0.9605257971836398,0.0,0.8407886957754598,0.8407886957754598,1
6.144,0.9542825328047849,0.959538875392615,0.0,0.8393083130889224,0.8393083130889224,1
6.176,0.9532107080732232,0.9556428324547673,0.0,0.833464248682151,0.833464248682151,1
6.208,0.9521462886389208,0.9530703450020331,0.0,0.8296055175030497,0.8296055175030497,1
6.24,0.9510868617339047,0.9509776750627392,0.0,0.8264665125941089,0.8264665125941089,1
6.272,0.9500314670805634,0.9537669630440646,0.0,0.8306504445660969,0.8306504445660969,1
6.304,0.9489708505770824,0.9537669630440646,0.0,0.8306504445660969,0.8306504445660969,1
6.336,0.9479101326386506,0.9537669630440646,0.0,0.8306504445660969,0.8306504445660969,1
6.368,0.9468494173801809,0.9545657658871465,0.0,0.8318486488307197,0.8318486488307197,1
6.4,0.9457871948248295,0.9486551387546017,0.0,0.8229827081319026,0.8229827081319026,1
6.432,0.9447361331675833,0.9486551387546017,0.0,0.8229827081319026,0.8229827081319026,1
6.464,0.9436852683697652,0.9486551387546017,0.0,0.8229827081319026,0.8229827081319026,1
6.496,0.9426343924822153,0.9486551387546017,0.0,0.8229827081319026,0.8229827081319026,1
6.528,0.9415835112231111,0.9401972528374103,0.0,0.8102958792561155,0.8102958792561155,1
6.56,0.9405486291477944,0.9422587400325413,0.0,0.8133881100488118,0.8133881100488118,1
6.592,0.9395101195724224,0.9422587400325413,0.0,0.8133881100488118,0.8133881100488118,1
6.624,0.9384715210575391,0.9373869325123478,0.0,0.8060803987685217,0.8060803987685217,1
6.656,0.9374421320326157,0.9370648699631144,0.0,0.8055973049446716,0.8055973049446716,1
6.688,0.9364135063372169,0.9371723902144918,0.0,0.8057585853217377,0.8057585853217377,1
6.72,0.9353846734445621,0.9371723902144918,0.0,0.8057585853217377,0.8057585853217377,1
6.752,0.9343558288441547,0.9342175118744719,0.0,0.8013262678117078,0.8013262678117078,1
6.784,0.9333325710690638,0.9342175118744719,0.0,0.8013262678117078,0.8013262678117078,1
6.816,0.9323094082270401,0.9342175118744719,0.0,0.8013262678117078,0.8013262678117078,1
6.848,0.9312862385319576,0.931552750839539,0.0,0.7973291262593085,0.7973291262593085,1
6.88,0.9302681071640595,0.931552750839539,0.0,0.7973291262593085,0.7973291262593085,1
6.912,0.9292500616930086,0.9310772847057887,0.0,0.796615927058683,0.796615927058683,1
6.944,0.9282329098227357,0.9286532962326773,0.0,0.792979944349016,0.792979944349016,1
6.976,0.9272203566656665,0.9286532962326773,0.0,0.792979944349016,0.792979944349016,1
7.008,0.9262078806835132,0.9286532962326773,0.0,0.792979944349016,0.792979944349016,1
7.04,0.9251953989387075,0.9258884330459346,0.0,0.7888326495689019,0.7888326495689019,1
7.072,0.9241881454085342,0.9235894607069888,0.0,0.7853841910604831,0.7853841910604831,1
7.104,0.923185330197046,0.9239023255063673,0.0,0.7858534882595509,0.7858534882595509,1
7.136,0.9221819911406965,0.9305263827010803,0.0,0.7957895740516205,0.7957895740516205,1
7.168,0.9211661033278347,0.9235894607069888,0.0,0.7853841910604831,0.7853841910604831,1
7.2,0.9201631215946748,0.9224429690152304,0.0,0.7836644535228455,0.7836644535228455,1
7.232,0.9191625515373556,0.9208428199356664,0.0,0.7812642299034995,0.7812642299034995,1
7.264,0.9181650393490666,0.9179348465672128,0.0,0.7769022698508192,0.7769022698508192,1
7.296,0.9171730735385982,0.91883896301553,0.0,0.778258444523295,0.778258444523295,1
7.328,0.916179484546329,0.9181201524700305,0.0,0.7771802287050458,0.7771802287050458,1
7.36,0.9151872151329886,0.9181201524700305,0.0,0.7771802287050458,0.7771802287050458,1
7.392,0.9141949663500936,0.9229595121440863,0.0,0.7844392682161294,0.7844392682161294,1
7.424,0.9131935623558898,0.915548284790847,0.0,0.7733224271862705,0.7733224271862705,1
7.456,0.9122060218348843,0.9133553839531481,0.0028776166160552666,0.7701335236988426,0.7699326281606015,1
7.488,0.9112228844041794,0.911323703877551,0.0,0.7669855558163265,0.7669855558163265,1
7.52,0.9102436510268963,0.911323703877551,0.0,0.7669855558163265,0.7669855558163265,1
7.552,0.909264471972661,0.911323703877551,0.0,0.7669855558163265,0.7669855558163265,1
7.584,0.9082852816307347,0.909219875761199,0.0,0.7638298136417985,0.7638298136417985,1
7.616,0.9073100651387266,0.9066863853065907,0.0,0.760029577959886,0.760029577959886,1
7.648,0.9063397066520458,0.9081414546834027,0.0,0.762212182025104,0.762212182025104,1
7.68,0.9053666721968943,0.9059325364592288,0.0,0.7588988046888432,0.7588988046888432,1
7.712,0.9043977596295061,0.9059325364592288,0.0,0.7588988046888432,0.7588988046888432,1
7.744,0.9034289184255841,0.9059325364592288,0.0,0.7588988046888432,0.7588988046888432,1
7.776,0.9024600728140517,0.9038207788809399,0.0,0.7557311683214099,0.7557311683214099,1
7.808,0.9014952202640025,0.902492280339086,0.0,0.753738420508629,0.753738420508629,1
7.84,0.9005329495737491,0.902492280339086,0.0,0.753738420508629,0.753738420508629,1
7.872,0.8995707180293715,0.902492280339086,0.0,0.753738420508629,0.753738420508629,1
7.904,0.8986084820297812,0.902492280339086,0.0,0.753738420508629,0.753738420508629,1
7.936,0.897646245086967,0.902492280339086,0.0,0.753738420508629,0.753738420508629,1
7.968,0.8966840095221846,0.8975748588488105,0.0,0.7463622882732157,0.7463622882732157,1
8.0,0.8957310769100318,0.8955772467945442,0.0,0.7433658701918162,0.7433658701918162,1
8.032,0.8947820842126526,0.8958923911331604,0.0031223931327229665,0.7439475787811559,0.7437295946183252,1
8.064,0.8938325492199584,0.8962182188848418,0.0,0.7443273283272627,0.7443273283272627,1
8.096,0.8928823767753864,0.8923310548652176,0.0,0.7384965822978263,0.7384965822978263,1
8.128,0.8919395409953549,0.8923310548652176,0.0,0.7384965822978263,0.7384965822978263,1
8.16,0.8909968305012821,0.8902635140316157,0.0,0.7353952710474236,0.7353952710474236,1
8.192,0.8900580204245345,0.8902635140316157,0.0,0.7353952710474236,0.7353952710474236,1
8.224,0.8891192724204576,0.8892430201617725,0.0,0.7338645302426587,0.7338645302426587,1
8.256,0.8881824471635666,0.8892430201617725,0.0,0.7338645302426587,0.7338645302426587,1
8.288,0.8872456520004159,0.8864725639878537,0.0,0.7297088459817804,0.7297088459817804,1
8.32,0.8863140932302385,0.8881847890292469,0.0,0.7322771835438704,0.7322771835438704,1
8.352,0.8853793856319125,0.8845820360118744,0.0,0.7268730540178114,0.7268730540178114,1
8.384,0.884451429667486,0.8845820360118744,0.0,0.7268730540178114,0.7268730540178114,1
8.416,0.8835235925283903,0.8869992950480087,0.0,0.730498942572013,0.730498942572013,1
8.448,0.8825911770838663,0.8869992950480087,0.0,0.730498942572013,0.730498942572013,1
8.48,0.8816586810542936,0.8832008546153327,0.0,0.724801281922999,0.724801281922999,1
8.512,0.8807333756154299,0.881802204298716,0.0,0.722703306448074,0.722703306448074,1
8.544,0.8798108442646623,0.881802204298716,0.0,0.722703306448074,0.722703306448074,1
8.576,0.8788883527461949,0.881802204298716,0.0,0.722703306448074,0.722703306448074,1
8.608,0.8779658553859886,0.881802204298716,0.0,0.722703306448074,0.722703306448074,1
8.64,0.8770433561667181,0.877572015770833,0.0,0.7163580236562495,0.7163580236562495,1
8.672,0.8761288569686023,0.8752798198199905,0.0,0.7129197297299856,0.7129197297299856,1
8.704,0.8752188309288367,0.8752798198199905,0.0,0.7129197297299856,0.7129197297299856,1
8.736,0.8743088693390686,0.8750517448404951,0.0,0.7125776172607425,0.7125776172607425,1
8.768,0.8733993277660653,0.8741316128551578,0.0,0.7111974192827367,0.7111974192827367,1
8.8,0.8724915280686211,0.8731491743566814,0.0,0.709723761535022,0.709723761535022,1
8.832,0.8715856135323555,0.8734414009344537,0.00092238955916172,0.7101942988712673,0.7101299039320936,1
8.864,0.8706791757805854,0.8738989757109942,0.0,0.7108484635664912,0.7108484635664912,1
8.896,0.8697718608124656,0.8690376139316515,-0.0019104508663292013,0.7034897335818471,0.7036231082131073,1
8.928,0.8688737245347838,0.8690376139316515,-0.0019104508663292013,0.7034897335818471,0.7036231082131073,1
8.96,0.8679757489424035,0.8677803350428758,0.0,0.7016705025643136,0.7016705025643136,1
8.992,0.867080140440131,0.8677803350428758,0.0,0.7016705025643136,0.7016705025643136,1
9.024,0.8661845675445573,0.8657410927663124,0.0,0.6986116391494686,0.6986116391494686,1
9.056,0.865292845493528,0.8664442393734305,0.0,0.6996663590601457,0.6996663590601457,1
9.088,0.8643998582610298,0.8664442393734305,0.0,0.6996663590601457,0.6996663590601457,1
9.12,0.8635068431987365,0.8632788796251135,0.0,0.6949183194376702,0.6949183194376702,1
9.152,0.8626198138488722,0.8611380312798359,0.0,0.6917070469197538,0.6917070469197538,1
9.184,0.8617369367910658,0.861960409322741,0.0,0.6929406139841114,0.6929406139841114,1
9.216,0.8608525675924616,0.861960409322741,0.0,0.6929406139841114,0.6929406139841114,1
9.248,0.8599681631160956,0.8578358757134753,0.0,0.6867538135702129,0.6867538135702129,1
9.28,0.8590915558022112,0.8578226968575152,0.0,0.6867340452862728,0.6867340452862728,1
9.312,0.8582151075064774,0.8574527160456199,0.0,0.6861790740684298,0.6861790740684298,1
9.344,0.8573393492161583,0.8581174008765512,0.0,0.6871761013148268,0.6871761013148268,1
9.376,0.8564623413907392,0.8581174008765512,0.0,0.6871761013148268,0.6871761013148268,1
9.408,0.8555853098758396,0.8548332108008645,0.0,0.6822498162012967,0.6822498162012967,1
9.44,0.8547144902021998,0.8548332108008645,0.0,0.6822498162012967,0.6822498162012967,1
9.472,0.8538437799588575,0.8548332108008645,0.0,0.6822498162012967,0.6822498162012967,1
9.504,0.8529730638418739,0.8518701600328953,0.0,0.6778052400493428,0.6778052400493428,1
9.536,0.8521079477690748,0.8523107291412911,0.0029104524902486936,0.6785676876692921,0.6783644997545812,1
9.568,0.8512420949100247,0.8503100880868963,0.0,0.6754651321303444,0.6754651321303444,1
9.6,0.8503800035330137,0.8493394462820057,0.0,0.6740091694230086,0.6740091694230086,1
9.632,0.8495198105471502,0.8481651234026181,0.0,0.6722476851039271,0.6722476851039271,1
9.664,0.8486618640583348,0.8492772033676224,0.0,0.6739158050514336,0.6739158050514336,1
9.696,0.8478018485983798,0.8492772033676224,0.0,0.6739158050514336,0.6739158050514336,1
9.728,0.8469417927004449,0.8458089542511711,0.0,0.6687134313767567,0.6687134313767567,1
9.76,0.8460882960302765,0.8458089542511711,0.0,0.6687134313767567,0.6687134313767567,1
9.792,0.8452349147035544,0.8484186544577828,0.0,0.672627981686674,0.672627981686674,1
9.824,0.8443765931337609,0.8465355001059242,0.0,0.6698032501588862,0.6698032501588862,1
9.856,0.8435217449889457,0.8465355001059242,0.0,0.6698032501588862,0.6698032501588862,1
9.888,0.8426669658908541,0.8465355001059242,0.0,0.6698032501588862,0.6698032501588862,1
9.92,0.8418121883617631,0.8426204969328991,0.0,0.6639307453993486,0.6639307453993486,1
9.952,0.8409648148513136,0.8400088948312497,0.0,0.6600133422468746,0.6600133422468746,1
9.984,0.8401225085513904,0.8400088948312497,0.0,0.6600133422468746,0.6600133422468746,1
10.016,0.8392802788524416,0.8380922254540802,0.0,0.6571383381811203,0.6571383381811203,1
10.048,0.8384416612572443,0.8380922254540802,0.0,0.6571383381811203,0.6571383381811203,1
10.08,0.8376031000953651,0.8380922254540802,0.0,0.6571383381811203,0.6571383381811203,1
10.112,0.8367645314688955,0.8363567260086796,0.0,0.6545350890130194,0.6545350890130194,1
10.144,0.8359292406229589,0.8363567260086796,0.0,0.6545350890130194,0.6545350890130194,1
10.176,0.8350940057712577,0.8341492137098624,0.0,0.6512238205647936,0.6512238205647936,1
10.208,0.8342629404744968,0.8347794384537363,0.0,0.6521691576806043,0.6521691576806043,1
10.24,0.8334307546722377,0.8316919114512069,0.0,0.6475378671768104,0.6475378671768104,1
10.272,0.8326043798420044,0.8297722159474957,0.0,0.6446583239212436,0.6446583239212436,1
10.304,0.8317817339736159,0.8299359125215963,0.0,0.6449038687823944,0.6449038687823944,1
10.336,0.8309588333674981,0.8297722159474957,0.0,0.6446583239212436,0.6446583239212436,1
10.368,0.8301362280387478,0.8299122510104906,0.0,0.6448683765157359,0.6448683765157359,1
10.4,0.8293133598578957,0.8299122510104906,0.0,0.6448683765157359,0.6448683765157359,1
10.432,0.828490486310778,0.830141633874909,0.0,0.6452124508123636,0.6452124508123636,1
10.464,0.8276671808912751,0.826956854326505,0.0,0.6404352814897575,0.6404352814897575,1
10.496,0.8268498910628598,0.826956854326505,0.0,0.6404352814897575,0.6404352814897575,1
10.528,0.8260327085973835,0.8244145757595416,0.0018567194357518538,0.6366866753741917,0.6365570519044331,1
10.56,0.8252203265792818,0.8250014695865514,0.0,0.6375022043798271,0.6375022043798271,1
10.592,0.8244069158171766,0.8236177388919191,0.0,0.6354266083378787,0.6354266083378787,1
10.624,0.8235960946873426,0.8232490274005467,0.0,0.6348735411008201,0.6348735411008201,1
10.656,0.8227860142836539,0.8232490274005467,0.0,0.6348735411008201,0.6348735411008201,1
10.688,0.8219759428390574,0.8218331697815245,0.0,0.6327497546722868,0.6327497546722868,1
10.72,0.8211685463323638,0.8221277589937086,0.0015253756137896428,0.6332448841441435,0.6331383928369824,1
10.752,0.8203606397918978,0.8227986872541961,0.0,0.6341980308812942,0.6341980308812942,1
10.784,0.8195514537261738,0.8187339096420502,0.0,0.6281008644630752,0.6281008644630752,1
10.816,0.8187499303648292,0.8171692186616745,0.0,0.6257538279925117,0.6257538279925117,1
10.848,0.817951500740077,0.8170619809891161,0.0,0.6255929714836741,0.6255929714836741,1
10.88,0.8171533169436562,0.8176927662769183,0.0,0.6265391494153775,0.6265391494153775,1
10.912,0.816353936414734,0.8176927662769183,0.0,0.6265391494153775,0.6265391494153775,1
10.944,0.8155545318016503,0.8157202246931589,0.0,0.6235803370397383,0.6235803370397383,1
10.976,0.8147588568008609,0.8157202246931589,0.0,0.6235803370397383,0.6235803370397383,1
11.008,0.8139632483661206,0.8154636074614849,-0.0006686578034326688,0.6231720706317492,0.6232187517527055,1
11.04,0.8131681224931787,0.8153877741174835,0.0,0.6230816611762253,0.6230816611762253,1
11.072,0.8123731483909682,0.8130518802788266,0.0,0.6195778204182398,0.6195778204182398,1
11.104,0.8115825927182871,0.8130518802788266,0.0,0.6195778204182398,0.6195778204182398,1
11.136,0.8107921149325973,0.8106313200560411,0.0011940317917254041,0.6159886596563398,0.6159053005117834,1
11.168,0.81000620808642,0.8090850533531926,0.002901497251832493,0.6137288613903529,0.6135262986692247,1
11.2,0.8092233011821894,0.8084268244846693,-0.0011164197252835804,0.612601266326923,0.6126792071270847,1
11.232,0.8084416822557676,0.8088117705530877,-0.0018149283230783208,0.6131543028797808,0.6132810087794824,1
11.264,0.807659350162441,0.8071843229084904,0.0,0.6107764843627356,0.6107764843627356,1
11.296,0.8068800766219248,0.8071843229084904,0.0,0.6107764843627356,0.6107764843627356,1
11.328,0.8061008556870677,0.8036451543667044,0.0,0.6054677315500565,0.6054677315500565,1
11.36,0.8053283202015542,0.8036451543667044,0.0,0.6054677315500565,0.6054677315500565,1
11.392,0.804555898956425,0.803992564496378,0.0,0.605988846744567,0.605988846744567,1
11.424,0.8037828118936191,0.8052161733795514,0.0,0.6078242600693271,0.6078242600693271,1
11.456,0.8030073968121387,0.8029075692514476,0.0,0.6043613538771713,0.6043613538771713,1
11.488,0.8022363050916607,0.8029075692514476,0.0,0.6043613538771713,0.6043613538771713,1
11.52,0.801465293750037,0.8016948853479717,0.0,0.6025423280219575,0.6025423280219575,1
11.552,0.8006965725347476,0.8015522851548781,0.0,0.6023284277323171,0.6023284277323171,1
11.584,0.7999281607041396,0.7998136287409985,0.0,0.5997204431114977,0.5997204431114977,1
11.616,0.7991630376547397,0.799814357794373,0.0,0.5997215366915596,0.5997215366915596,1
11.648,0.7983979698555128,0.799814357794373,0.0,0.5997215366915596,0.5997215366915596,1
11.68,0.7976328986854849,0.7966467151690227,0.0,0.5949700727535341,0.5949700727535341,1
11.712,0.7968738131009437,0.7952238617362457,-0.0044447833364249555,0.5926806403968518,0.5929909448118854,1
11.744,0.7961175204544874,0.7965953648410465,0.0,0.5948930472615698,0.5948930472615698,1
11.776,0.7953586751899763,0.7965953648410465,0.0,0.5948930472615698,0.5948930472615698,1
11.808,0.7945997782719261,0.7952716888234367,0.0,0.592907533235155,0.592907533235155,1
11.84,0.7938433839812508,0.7924451807472089,0.0,0.5886677711208134,0.5886677711208134,1
11.872,0.7930923764518497,0.792063344266506,0.0,0.588095016399759,0.588095016399759,1
11.904,0.792342181499232,0.792063344266506,0.0,0.588095016399759,0.588095016399759,1
11.936,0.7915919915903983,0.789575706663985,0.0,0.5843635599959776,0.5843635599959776,1
11.968,0.7908464981566866,0.7898184704645169,0.001104479407369083,0.5847662593011335,0.5846891520924172,1
12.0,0.7901006256559633,0.7907081016495039,0.0,0.5860621524742557,0.5860621524742557,1
12.032,0.7893530577477986,0.7874311445868994,0.0,0.5811467168803491,0.5811467168803491,1
12.064,0.7886116513287591,0.7870723786262294,0.0004208962066365651,0.5806232599885739,0.5805938758901141,1
12.096,0.7878710324277443,0.785808033231084,0.0,0.5787120498466258,0.5787120498466258,1
12.128,0.7871328081257627,0.785808033231084,0.0,0.5787120498466258,0.5787120498466258,1
12.16,0.7863946213847136,0.7861561381510559,0.0,0.5792342072265838,0.5792342072265838,1
12.192,0.7856557725413598,0.7835179099951659,0.0,0.5752768649927489,0.5752768649927489,1
12.224,0.7849218963003681,0.7869774317758987,0.0,0.5804661476638481,0.5804661476638481,1
12.256,0.7841815709271307,0.7850119016500695,0.0,0.5775178524751042,0.5775178524751042,1
12.288,0.7834448422296293,0.7850119016500695,0.0,0.5775178524751042,0.5775178524751042,1
12.32,0.7827081863074442,0.7833361438147035,0.0054000087628710385,0.5751927115871525,0.5748157198569579,1
12.352,0.7819746983591518,0.7789635964595817,0.0,0.5684453946893725,0.5684453946893725,1
12.384,0.7812495292108317,0.7780124136107119,0.0,0.5670186204160679,0.5670186204160679,1
12.416,0.7805262974537975,0.778479278262001,0.0,0.5677189173930015,0.5677189173930015,1
12.448,0.7798022016127565,0.778479278262001,0.0,0.5677189173930015,0.5677189173930015,1
12.48,0.7790780809835012,0.7770071743623509,0.0,0.5655107615435263,0.5655107615435263,1
12.512,0.778356738693926,0.7765103630632126,0.0,0.564765544594819,0.564765544594819,1
12.544,0.7776363826449442,0.7758306420324191,0.0,0.5637459630486287,0.5637459630486287,1
12.576,0.7769173240411804,0.7747450714853741,0.0,0.5621176072280611,0.5621176072280611,1
12.608,0.7762003367683163,0.7757786575849303,0.005149262088697882,0.5638477295323872,0.5634882432224035,1
12.64,0.7754814304076747,0.7768630017162353,0.0,0.565294502574353,0.565294502574353,1
12.672,0.7747604391894418,0.7768630017162353,0.0,0.565294502574353,0.565294502574353,1
12.704,0.7740394159227024,0.7734301837356764,0.0,0.5601452756035146,0.5601452756035146,1
12.736,0.7733248854034139,0.7716288778466368,0.0,0.5574433167699552,0.5574433167699552,1
12.768,0.7726138758461739,0.7730249025353467,-0.0017701521309259653,0.5594755638371284,0.5595991437689117,1
12.8,0.7719002825271529,0.7725109184927824,0.0,0.5587663777391736,0.5587663777391736,1
12.832,0.7711876078692761,0.7725109184927824,0.0,0.5587663777391736,0.5587663777391736,1
12.864,0.7704749512925135,0.7684431339850449,0.0,0.5526647009775674,0.5526647009775674,1
12.896,0.7697699808078559,0.7674735792800345,0.0,0.5512103689200516,0.5512103689200516,1
12.928,0.7690669765161974,0.7675187499594397,0.0,0.5512781249391595,0.5512781249391595,1
12.96,0.7683639091223282,0.7675187499594397,0.0,0.5512781249391595,0.5512781249391595,1
12.992,0.7676608328407739,0.7661609209880774,0.0,0.5492413814821161,0.5492413814821161,1
13.024,0.7669603187794145,0.7654110936242954,0.0,0.548116640436443,0.548116640436443,1
13.056,0.7662612651824823,0.765427643001787,0.0,0.5481414645026805,0.5481414645026805,1
13.088,0.7655622020853977,0.7632540847646603,0.0,0.5448811271469904,0.5448811271469904,1
13.12,0.7648672422411739,0.7632540847646603,0.0,0.5448811271469904,0.5448811271469904,1
13.152,0.7641723532125673,0.7624191638129414,0.0,0.543628745719412,0.543628745719412,1
13.184,0.7634790365728162,0.7641798653877295,0.0,0.5462697980815943,0.5462697980815943,1
13.216,0.7627824193927928,0.7615547644280891,0.0,0.5423321466421336,0.5423321466421336,1
13.248,0.7620907021420705,0.7601447864083445,0.0,0.5402171796125167,0.5402171796125167,1
13.28,0.7614017395873452,0.7605802283615811,0.0,0.5408703425423717,0.5408703425423717,1
13.312,0.7607119977418498,0.7605802283615811,0.0,0.5408703425423717,0.5408703425423717,1
13.344,0.7600222373123162,0.7620351696228401,0.0,0.5430527544342602,0.5430527544342602,1
13.376,0.7593297285798382,0.7570466747855251,0.0,0.5355700121782876,0.5355700121782876,1
13.408,0.7586465976152469,0.7554164731064926,0.0,0.5331247096597389,0.5331247096597389,1
13.44,0.7579667155353234,0.7570991186879515,0.0,0.5356486780319273,0.5356486780319273,1
13.472,0.7572836990545007,0.7567243324285154,-0.001522390534312009,0.5350333571881233,0.535139640097423,1
13.504,0.7566013264936585,0.755762669990502,-0.0003880603323610003,0.5336304591247608,0.533657550846745,1
13.536,0.7559207834376412,0.7544148539620048,0.0,0.5316222809430071,0.5316222809430071,1
13.568,0.7552428187036007,0.7537881429368664,0.0,0.5306822144052995,0.5306822144052995,1
13.6,0.7545660810045642,0.7548047472683667,0.0,0.53220712090255,0.53220712090255,1
13.632,0.7538874404980586,0.7538264434241243,0.0,0.5307396651361864,0.5307396651361864,1
13.664,0.7532106126295729,0.7536260565570732,0.0,0.5304390848356098,0.5304390848356098,1
13.696,0.7525341984289028,0.7536260565570732,0.0,0.5304390848356098,0.5304390848356098,1
13.728,0.751857791596061,0.7513465432404308,0.0,0.5270198148606462,0.5270198148606462,1
13.76,0.7511856919471827,0.7494132357798188,0.0,0.5241198536697281,0.5241198536697281,1
13.792,0.7505173207749769,0.7480653104112411,0.0,0.5220979656168616,0.5220979656168616,1
13.824,0.7498515548092602,0.7488051193102446,0.0,0.5232076789653669,0.5232076789653669,1
13.856,0.7491844285701977,0.7488051193102446,0.0,0.5232076789653669,0.5232076789653669,1
13.888,0.7485172713250793,0.7460333239730684,0.0,0.5190499859596026,0.5190499859596026,1
13.92,0.7478553487932432,0.7488051193102446,0.0,0.5232076789653669,0.5232076789653669,1
13.952,0.7471882825158896,0.7441875902697552,0.0,0.5162813854046329,0.5162813854046329,1
13.984,0.7465298413297442,0.7443653971940148,0.0,0.5165480957910222,0.5165480957910222,1
14.016,0.7458712207353757,0.7443653971940148,0.0,0.5165480957910222,0.5165480957910222,1
14.048,0.745212585866008,0.7443653971940148,0.0,0.5165480957910222,0.5165480957910222,1
14.08,0.7445539474855284,0.7461661891137443,0.0,0.5192492836706164,0.5192492836706164,1
14.112,0.7438919073723445,0.7461661891137443,0.0,0.5192492836706164,0.5192492836706164,1
14.144,0.7432298098923583,0.7461661891137443,0.0,0.5192492836706164,0.5192492836706164,1
14.176,0.7425677203967929,0.7415029814783586,0.0,0.5122544722175378,0.5122544722175378,1
14.208,0.7419144448896384,0.740955582095813,-0.003925379509723969,0.5112963515500495,0.5115703947373895,1
14.24,0.7412623610585047,0.7397491454995573,0.0,0.5096237182493359,0.5096237182493359,1
14.272,0.7406125646659473,0.7393172881044378,0.002346272469768577,0.5090578325161493,0.5088940317971639,1
14.304,0.7399636171673223,0.7367917987454993,0.0,0.5051876981182488,0.5051876981182488,1
14.336,0.7393194473873578,0.7381274859435383,0.0,0.5071912289153073,0.5071912289153073,1
14.368,0.7386728337346297,0.7381274859435383,0.0,0.5071912289153073,0.5071912289153073,1
14.4,0.7380261681077394,0.7400307030154133,0.0,0.5100460545231199,0.5100460545231199,1
14.432,0.7373759083452067,0.7400307030154133,0.0,0.5100460545231199,0.5100460545231199,1
14.464,0.7367255883960888,0.7332654055072395,0.0,0.5,0.5,1
14.496,0.736087925158188,0.7334691234948615,0.0,0.5002036852422922,0.5002036852422922,1
14.528,0.7354502309045621,0.733199975326045,0.0,0.5,0.5,1
14.56,0.7348127742651507,0.7321682060594646,0.0,0.5,0.5,1
14.592,0.7341753144849616,0.7355600671602306,-0.0015134352958790572,0.5032872718824879,0.5033929295982038,1
14.624,0.7335336459792302,0.7342731464071056,-0.0019462718200455719,0.5013417819078613,0.5014776573134555,1
14.656,0.7328943344619625,0.7337733129862659,0.0,0.5006599694793988,0.5006599694793988,1
14.688,0.7322560167840707,0.7314526151996987,0.0,0.5,0.5,1
14.72,0.7316185491392037,0.7312761779203512,0.0,0.5,0.5,1
14.752,0.730981097664723,0.7303329095722079,0.0,0.5,0.5,1
14.784,0.7303436475835086,0.7303329095722079,0.0,0.5,0.5,1
14.816,0.7297061999783488,0.7303329095722079,0.0,0.5,0.5,1
14.848,0.7290687555692941,0.7343450457638475,0.0,0.5015175686457712,0.5015175686457712,1
14.88,0.7284294043652777,0.729336553964887,-0.005173142724342069,0.5,0.5,1
14.912,0.7277919345773006,0.7278990773064109,0.0,0.5,0.5,1
14.944,0.7271545050499886,0.7260732495438814,0.0,0.5,0.5,1
14.976,0.7265170787389269,0.7254433677734569,0.0,0.5,0.5,1
15.008,0.7258796560566595,0.7237250650221102,0.0,0.5,0.5,1
15.04,0.7252422373302968,0.7215426975098996,0.0,0.5,0.5,1
15.072,0.7246048227726561,0.7215434603795338,0.0,0.5,0.5,1
15.104,0.723967412523631,0.7224021168919724,0.0,0.5,0.5,1
15.136,0.7233300066766883,0.7242810697142519,0.0,0.5,0.5,1
15.168,0.7226926052957461,0.7220377998185576,0.0,0.5,0.5,1
15.2,0.7220552084259184,0.7192986420910834,0.0,0.5,0.5,1
15.232,0.7214178161003614,0.7190262393000645,0.0,0.5,0.5,1
15.264,0.7207804283446307,0.7190262393000645,0.0,0.5,0.5,1
15.296,0.7201430451794582,0.7215429517995984,0.0,0.5,0.5,1
15.328,0.7195056666225182,0.7215429517995984,0.0,0.5,0.5,1
15.36,0.7188682926895557,0.7165079644046948,0.0,0.5,0.5,1
15.392,0.7182309233951011,0.7156442424356708,0.006871652929427384,0.5,0.5,1
15.424,0.717593558752929,0.71586969775948,0.0,0.5,0.5,1
15.456,0.7169561987763466,0.7150513803757418,-0.0007611952672903561,0.5,0.5,1
15.488,0.7163188434783822,0.7150263245301285,0.0,0.5,0.5,1
15.52,0.7156814928719003,0.7150274898793599,0.0,0.5,0.5,1
15.552,0.7150441469696787,0.7138603843422221,0.0,0.5,0.5,1
15.584,0.714406805784456,0.7127696985669797,0.0,0.5,0.5,1
15.616,0.7137694693289629,0.7126142291907699,0.0,0.5,0.5,1
15.648,0.7131321376159397,0.71070099188811,0.0,0.5,0.5,1
15.68,0.7124948106581518,0.7113549508109155,0.0,0.5,0.5,1
15.712,0.7118574884683955,0.7092325178178317,0.0,0.5,0.5,1
15.744,0.711220171059504,0.7092325178178317,0.0,0.5,0.5,1
15.776,0.7105828584443511,0.7092325178178317,0.0,0.5,0.5,1
15.808,0.7099455506358531,0.7099827371865919,0.0,0.5,0.5,1
15.84,0.7093082476469701,0.7087027217587017,0.0,0.5,0.5,1
15.872,0.7086709494907075,0.7083864003624616,0.0,0.5,0.5,1
15.904,0.7080336561801163,0.7078382888913379,-0.0008567178106231527,0.5,0.5,1
15.936,0.707396367728294,0.7062938009621105,0.0009880613076978634,0.5,0.5,1
15.968,0.7067590841483845,0.7059175545187993,0.0,0.5,0.5,1
16.0,0.7061218054535796,0.7034714974878427,0.0,0.5,0.5,1
16.032,0.7054845316571176,0.7034714974878427,0.0,0.5,0.5,1
16.064,0.704847262772285,0.7016452850464127,0.0,0.5,0.5,1
16.096,0.7042099988124163,0.7017271305658479,0.0008238819363530142,0.5,0.5,1
16.128,0.703572739790894,0.7019910741005456,0.0,0.5,0.5,1
16.16,0.7029354857211486,0.7019910741005456,0.0,0.5,0.5,1
16.192,0.70229823661666,0.6993179399873073,0.0,0.5,0.5,1
16.224,0.7016609924909564,0.6982303266901566,0.0,0.5,0.5,1
16.256,0.7010237533576152,0.6997718404645286,0.0,0.5,0.5,1
16.288,0.7003865192302633,0.6997718404645286,0.0,0.5,0.5,1
16.32,0.6997492901225769,0.6997718404645286,0.0,0.5,0.5,1
16.352,0.699112066048282,0.6976083474638092,0.0,0.5,0.5,1
16.384,0.6984748470211547,0.6956372254576914,0.0,0.5,0.5,1
16.416,0.6978376330550211,0.6953520583886678,0.0,0.5,0.5,1
16.448,0.6972004241637579,0.6952537492681715,0.0,0.5,0.5,1
16.48,0.6965632203612924,0.6954119705313431,0.0,0.5,0.5,1
16.512,0.6959260216616029,0.6952543001625637,0.0,0.5,0.5,1
16.544,0.6952888280787185,0.692771735283689,0.0,0.5,0.5,1
16.576,0.6946516396267202,0.6924341863715897,-0.0029164226491927483,0.5,0.5,1
16.608,0.6940144563197401,0.6918341749280372,0.0,0.5,0.5,1
16.64,0.6933772781719626,0.6913695753484106,0.0,0.5,0.5,1
16.672,0.6927401051976235,0.6904668500804153,0.0,0.5,0.5,1
16.704,0.6921029374110117,0.6892187431870082,0.0,0.5,0.5,1
16.736,0.6914657748264681,0.6892187431870082,0.0,0.5,0.5,1
16.768,0.6908286174583864,0.6897176299674899,0.0,0.5,0.5,1
16.8,0.6901914653212138,0.6897176299674899,0.0,0.5,0.5,1
16.832,0.6895543184294503,0.6874229869054314,0.0,0.5,0.5,1
16.864,0.6889171767976496,0.6871244498313193,0.0,0.5,0.5,1
16.896,0.6882800404404193,0.6870389815724508,-0.0002716422326548186,0.5,0.5,1
16.928,0.6876429093724206,0.6870389815724508,-0.0002716422326548186,0.5,0.5,1
16.96,0.6870057836083695,0.6837305960020696,0.0,0.5,0.5,1
16.992,0.686368663163036,0.6852371207984614,0.0,0.5,0.5,1
17.024,0.6857315480512453,0.6822298474374734,0.0,0.5,0.5,1
17.056,0.6850944382878774,0.6827178294345793,0.0,0.5,0.5,1
17.088,0.6844573338878679,0.6817879675885613,0.0,0.5,0.5,1
17.12,0.6838202348662072,0.6800077120753966,0.0,0.5,0.5,1
17.152,0.6831831412379423,0.6806116607584345,0.0,0.5,0.5,1
17.184,0.6825460530181758,0.6802922594674022,0.0,0.5,0.5,1
17.216,0.6819089702220666,0.6798396412495546,0.0,0.5,0.5,1
17.248,0.6812718928648306,0.6808197305676597,0.0,0.5,0.5,1
17.28,0.6806348209617399,0.6771185391166489,0.0,0.5,0.5,1
17.312,0.6799977545281242,0.6790899431056759,0.0,0.5,0.5,1
17.344,0.6793606935793702,0.677029347632021,0.0,0.5,0.5,1
17.376,0.6787236381309228,0.677029347632021,0.0,0.5,0.5,1
17.408,0.6780865881982843,0.6747553532729278,0.0,0.5,0.5,1
17.44,0.677449543797015,0.6747553532729278,0.0,0.5,0.5,1
17.472,0.6768125049427345,0.6749977612347691,0.0,0.5,0.5,1
17.504,0.6761754716511202,0.6749977612347691,0.0,0.5,0.5,1
17.536,0.6755384439379091,0.6739364304916761,0.0,0.5,0.5,1
17.568,0.674901421818897,0.6723350012460811,0.0,0.5,0.5,1
17.6,0.6742644053099399,0.67190620969568,0.0,0.5,0.5,1
17.632,0.6736273944269532,0.6705120513405759,0.0,0.5,0.5,1
17.664,0.6729903891859121,0.6712715298838998,0.0,0.5,0.5,1
17.696,0.672353389602853,0.6694317156169703,0.0,0.5,0.5,1
17.728,0.6717163956938725,0.6679537871305272,0.0,0.5,0.5,1
17.76,0.6710794074751281,0.6694231791890015,0.0,0.5,0.5,1
17.792,0.6704424249628387,0.6686736986793784,0.0,0.5,0.5,1
17.824,0.6698054481732849,0.6667318239768608,0.0,0.5,0.5,1
17.856,0.6691684771228088,0.665781167050051,0.0,0.5,0.5,1
17.888,0.6685315118278151,0.6662956188562721,0.0,0.5,0.5,1
17.92,0.6678945523047705,0.66469385430964,0.0,0.5,0.5,1
17.952,0.6672575985702044,0.6644735973310201,0.0,0.5,0.5,1
17.984,0.6666206506407096,0.6627036258336305,0.0,0.5,0.5,1
18.016,0.6659837085329422,0.6632237863671063,0.0,0.5,0.5,1
18.048,0.6653467722636217,0.6630949761587072,0.0,0.5,0.5,1
18.08,0.6647098418495314,0.6616241244556973,0.0,0.5,0.5,1
18.112,0.664072917307519,0.6609040854783903,0.0,0.5,0.5,1
18.144,0.6634359986544971,0.6630588982238615,0.0,0.5,0.5,1
18.176,0.6627990859074425,0.6615288503640063,0.0,0.5,0.5,1
18.208,0.6621621790833977,0.6593836008368027,0.0,0.5,0.5,1
18.24,0.6615252781994704,0.6578493806442772,0.0,0.5,0.5,1
18.272,0.6608883832728341,0.6598068305469101,0.0,0.5,0.5,1
18.304,0.6602514943207285,0.6578493806442772,0.0,0.5,0.5,1
18.336,0.6596146113604596,0.6578493806442772,0.0,0.5,0.5,1
18.368,0.6589777344094004,0.6546078328842744,0.0,0.5,0.5,1
18.4,0.6583408634849907,0.65457204472968,0.0,0.5,0.5,1
18.432,0.6577039986047375,0.6533165690238987,0.0,0.5,0.5,1
18.464,0.657067139786216,0.6545285182137666,0.0,0.5,0.5,1
18.496,0.6564302870470693,0.6523351601157382,0.0,0.5,0.5,1
18.528,0.6557934404050086,0.6543805434621358,0.0,0.5,0.5,1
18.56,0.6551565998778138,0.6543805434621358,0.0,0.5,0.5,1
18.592,0.6545197654833345,0.6516136866939607,0.0,0.5,0.5,1
18.624,0.6538829372394889,0.6505770128697743,0.0,0.5,0.5,1
18.656,0.6532461151642648,0.6499378831899169,0.0,0.5,0.5,1
18.688,0.6526092992757208,0.6513866752608544,-0.003874633158803417,0.5,0.5,1
18.72,0.6519724895919853,0.6495539361797,0.0,0.5,0.5,1
18.752,0.6513356861312578,0.6495539361797,0.0,0.5,0.5,1
18.784,0.6506988889118086,0.6469937734425958,0.0,0.5,0.5,1
18.816,0.6500620979519793,0.6456834015540875,0.0,0.5,0.5,1
18.848,0.6494253132701834,0.6451790625497088,0.0,0.5,0.5,1
18.88,0.6487885348849067,0.6460428064932202,0.0,0.5,0.5,1
18.912,0.6481517628147072,0.6436559220699885,0.0,0.5,0.5,1
18.944,0.6475149970782159,0.6446211801925331,0.0,0.5,0.5,1
18.976,0.6468782376941368,0.6462679438308792,0.0,0.5,0.5,1
19.008,0.6462414846812478,0.6434120428755284,0.0,0.5,0.5,1
19.04,0.6456047380583998,0.6425639860955986,0.0,0.5,0.5,1
19.072,0.6449679978445192,0.6444046929902683,0.0,0.5,0.5,1
19.104,0.6443312640586059,0.6444046929902683,0.0,0.5,0.5,1
19.136,0.6436945367197355,0.6444046929902683,0.0,0.5,0.5,1
19.168,0.6430578158470588,0.6402582151531075,0.0,0.5,0.5,1
19.2,0.642421101459802,0.6382307861246488,0.0,0.5,0.5,1
19.232,0.641784393577268,0.6383262999563758,0.0027432880397899773,0.5,0.5,1
19.264,0.6411476922188357,0.6369400461969714,0.0,0.5,0.5,1
19.296,0.6405109974039608,0.6375941613105809,0.0,0.5,0.5,1
19.328,0.6398743091521768,0.6364377273403522,0.0,0.5,0.5,1
19.36,0.6392376274830941,0.6388712087001123,0.0,0.5,0.5,1
19.392,0.6386009524164017,0.6364377273403522,0.0,0.5,0.5,1
19.424,0.6379642839718667,0.6364377273403522,0.0,0.5,0.5,1
19.456,0.6373276221693349,0.633880528577324,0.0,0.5,0.5,1
19.488,0.6366909670287314,0.6347743521031336,0.0,0.5,0.5,1
19.52,0.636054318570061,0.6355959075914465,0.0,0.5,0.5,1
19.552,0.6354176768134081,0.6328358900345633,0.0,0.5,0.5,1
19.584,0.6347810417789381,0.6326637365836413,0.0,0.5,0.5,1
19.616,0.6341444134868965,0.6311751137323662,0.0,0.5,0.5,1
19.648,0.63350779195761,0.6292972216696049,0.0,0.5,0.5,1
19.68,0.6328711772114876,0.6292972216696049,0.0,0.5,0.5,1
19.712,0.6322345692690192,0.6276711703728728,0.005549262735495565,0.5,0.5,1
19.744,0.6315979681507781,0.6281682210740176,0.0,0.5,0.5,1
19.776,0.63096137387742,0.628467806987479,0.0,0.5,0.5,1
19.808,0.6303247864696836,0.6268508317228775,0.0,0.5,0.5,1
19.84,0.6296882059483913,0.6261707462103142,0.0,0.5,0.5,1
19.872,0.62905163233445,0.6270781540655642,0.0,0.5,0.5,1
19.904,0.6284150656488506,0.6247989758529041,0.009235835830338168,0.5,0.5,1
19.936,0.6277785059126691,0.6257693446462667,0.0,0.5,0.5,1
19.968,0.6271419531470671,0.6244514485023864,0.0,0.5,0.5,1
20.0,0.6265054073732914,0.6225776370972875,0.0,0.5,0.5,1
20.032,0.6258688686126753,0.621116260104587,0.0,0.5,0.5,1
20.064,0.625232336886639,0.6213017935635229,0.0,0.5,0.5,1
20.096,0.6245958122166894,0.6241245378461238,0.0,0.5,0.5,1
20.128,0.6239592946244208,0.6222091272742426,0.0,0.5,0.5,1
20.16,0.6233227841315162,0.6222091272742426,0.0,0.5,0.5,1
20.192,0.6226862807597462,0.6187176729436541,0.0,0.5,0.5,1
20.224,0.6220497845309708,0.6185197270121199,0.0,0.5,0.5,1
20.256,0.6214132954671389,0.6191249911551346,0.0,0.5,0.5,1
20.288,0.6207768135902892,0.6180417402482411,0.0019403016610929481,0.5,0.5,1
20.32,0.6201403389225515,0.6168952261488251,0.0,0.5,0.5,1
20.352,0.6195038714861448,0.6162756370408423,0.0,0.5,0.5,1
20.384,0.6188674113033807,0.614669592172258,0.0,0.5,0.5,1
20.416,0.6182309583966614,0.6133685229211676,0.0,0.5,0.5,1
20.448,0.6175945127884815,0.6138200435047328,0.0,0.5,0.5,1
20.48,0.6169580745014286,0.6159992356298587,0.0,0.5,0.5,1
20.512,0.6163216435581828,0.6137291465556862,0.0,0.5,0.5,1
20.544,0.6156852199815177,0.6131130824797225,-0.00451344016403951,0.5,0.5,1
20.576,0.6150488037943014,0.610487918256702,0.0,0.5,0.5,1
20.608,0.6144123950194958,0.6127410787586773,0.0,0.5,0.5,1
20.64,0.6137759936801583,0.6119381821244897,0.0,0.5,0.5,1
20.672,0.6131395997994417,0.6097421769200607,0.0,0.5,0.5,1
20.704,0.6125032134005943,0.6095230739821975,0.0,0.5,0.5,1
20.736,0.6118668345069614,0.6084031581093583,0.0,0.5,0.5,1
20.768,0.6112304631419851,0.60714801923859,0.0,0.5,0.5,1
20.8,0.6105940993292048,0.6055413725481894,0.0,0.5,0.5,1
20.832,0.6099577430922579,0.6081787532438118,-0.002131346747555296,0.5,0.5,1
20.864,0.6093213944548804,0.6069123049864277,0.0,0.5,0.5,1
20.896,0.6086850534409068,0.606379698084923,0.0,0.5,0.5,1
20.928,0.608048720074272,0.6034738968775133,0.0,0.5,0.5,1
20.96,0.6074123943790102,0.6046587496386862,0.0,0.5,0.5,1
20.992,0.606776076379256,0.6042527600201894,0.0,0.5,0.5,1
21.024,0.6061397660992455,0.6019684878622794,0.0,0.5,0.5,1
21.056,0.6055034635633163,0.6014850410641219,0.0,0.5,0.5,1
21.088,0.6048671687959081,0.6027122383773953,0.0,0.5,0.5,1
21.12,0.604230881821563,0.5990028135231602,0.0,0.5,0.5,1
21.152,0.6035946026649265,0.5989597631136695,0.0,0.5,0.5,1
21.184,0.6029583313507481,0.5991634455724495,0.0,0.5,0.5,1
21.216,0.6023220679038807,0.5991548537555242,0.0,0.5,0.5,1
21.248,0.6016858123492831,0.5979846405970346,0.0,0.5,0.5,1
21.28,0.6010495647120188,0.5965719297749779,0.0,0.5,0.5,1
21.312,0.6004133250172572,0.5970081616876478,0.0,0.5,0.5,1
21.344,0.5997770932902747,0.5963044061849571,0.0,0.5,0.5,1
21.376,0.5991408695564543,0.5963044061849571,0.0,0.5,0.5,1
21.408,0.5985046538412865,0.5955311034499765,0.0,0.5,0.5,1
21.44,0.5978684461703706,0.5939083089085934,0.0,0.5,0.5,1
21.472,0.5972322465694138,0.5927067138942972,0.001997018171141152,0.5,0.5,1
21.504,0.5965960550642334,0.5926423757753742,0.0,0.5,0.5,1
21.536,0.5959598716807564,0.591859600500494,0.0,0.5,0.5,1
21.568,0.5953236964450198,0.5913230145002326,0.0,0.5,0.5,1
21.6,0.5946875293831724,0.5913230145002326,0.0,0.5,0.5,1
21.632,0.5940513705214744,0.5911852786331248,0.0,0.5,0.5,1
21.664,0.5934152198862978,0.5905466140788749,0.0,0.5,0.5,1
21.696,0.5927790775041283,0.5905466140788749,0.0,0.5,0.5,1
21.728,0.5921429434015645,0.5884719372714919,0.0,0.5,0.5,1
21.76,0.5915068176053191,0.5877587902374203,0.0,0.5,0.5,1
21.792,0.5908707001422198,0.5868967565920721,-0.008668670743037274,0.5,0.5,1
21.824,0.5902345910392093,0.5855702210243198,0.0,0.5,0.5,1
21.856,0.5895984903233464,0.5859993394497075,0.0,0.5,0.5,1
21.888,0.5889623980218065,0.5850190060057828,0.0,0.5,0.5,1
21.92,0.5883263141618817,0.5846193099396877,0.0,0.5,0.5,1
21.952,0.5876902387709824,0.5834551928352936,0.0,0.5,0.5,1
21.984,0.5870541718766374,0.5817553709700479,0.0,0.5,0.5,1
22.016,0.5864181135064942,0.5835541415537666,0.0,0.5,0.5,1
22.048,0.5857820636883202,0.5824858872231105,0.0,0.5,0.5,1
22.08,0.5851460224500035,0.5817553709700479,0.0,0.5,0.5,1
22.112,0.5845099898195528,0.5817553709700479,0.0,0.5,0.5,1
22.144,0.5838739658250984,0.5792874159781134,0.0,0.5,0.5,1
22.176,0.5832379504948934,0.5783653893366013,0.0,0.5,0.5,1
22.208,0.5826019438573131,0.5782331331268415,0.0,0.5,0.5,1
22.24,0.5819659459408575,0.5787943175121267,0.0,0.5,0.5,1
22.272,0.5813299567741498,0.5762493330365699,0.0,0.5,0.5,1
22.304,0.5806939763859393,0.5767989797810414,0.0,0.5,0.5,1
22.336,0.5800580048051002,0.5760343486679524,0.0,0.5,0.5,1
22.368,0.5794220420606332,0.5754867506637424,0.0,0.5,0.5,1
22.4,0.5787860881816662,0.5762426833027788,0.0,0.5,0.5,1
22.432,0.5781501431974552,0.5741214948255612,0.0,0.5,0.5,1
22.464,0.5775142071373839,0.5727660129016283,0.0,0.5,0.5,1
22.496,0.5768782800309656,0.5725292291945316,0.0,0.5,0.5,1
22.528,0.5762423619078435,0.5718476818707464,0.0,0.5,0.5,1
22.56,0.5756064527977911,0.5714898619852081,0.0,0.5,0.5,1
22.592,0.5749705527307136,0.5703657431726707,0.0,0.5,0.5,1
22.624,0.5743346617366479,0.5691951843723412,0.0,0.5,0.5,1
22.656,0.5736987798457638,0.5710991399621195,0.0,0.5,0.5,1
22.688,0.5730629070883643,0.5707878697612822,0.0,0.5,0.5,1
22.72,0.5724270434948869,0.5699028859438071,0.0,0.5,0.5,1
22.752,0.5717911890959041,0.5679971675039335,0.0,0.5,0.5,1
22.784,0.5711553439221237,0.5656963202604058,0.0,0.5,0.5,1
22.816,0.5705195080043906,0.5657804766558963,0.0,0.5,0.5,1
22.848,0.5698836813736865,0.5651444273019806,0.0,0.5,0.5,1
22.88,0.5692478640611307,0.5646955572996488,0.0,0.5,0.5,1
22.912,0.5686120560979818,0.5646955572996488,0.0,0.5,0.5,1
22.944,0.5679762575156379,0.563524504302521,0.0,0.5,0.5,1
22.976,0.567340468345637,0.5627466344083718,0.0,0.5,0.5,1
23.008,0.5667046886196587,0.5631120678356395,0.0,0.5,0.5,1
23.04,0.5660689183695238,0.5631120678356395,0.0,0.5,0.5,1
23.072,0.5654331576271961,0.5599226785232078,0.0,0.5,0.5,1
23.104,0.564797406424783,0.560902841838554,0.0031283632916646936,0.5,0.5,1
23.136,0.5641616647945358,0.5599226785232078,0.0,0.5,0.5,1
23.168,0.5635259327688511,0.558317842744264,0.0,0.5,0.5,1
23.2,0.5628902103802713,0.5585375803797595,0.0,0.5,0.5,1
23.232,0.5622544976614853,0.5575138850705963,0.0,0.5,0.5,1
23.264,0.5616187946453298,0.5588614092586214,0.0,0.5,0.5,1
23.296,0.5609831013647897,0.5581767900567537,0.0,0.5,0.5,1
23.328,0.5603474178529989,0.5581767900567537,0.0,0.5,0.5,1
23.36,0.5597117441432418,0.5550265046250756,0.0,0.5,0.5,1
23.392,0.5590760802689531,0.5542080368005199,0.0,0.5,0.5,1
23.424,0.5584404262637195,0.5542333413886473,0.0,0.5,0.5,1
23.456,0.5578047821612804,0.5522943074489165,0.0,0.5,0.5,1
23.488,0.5571691479955284,0.552097418073536,0.0,0.5,0.5,1
23.52,0.5565335238005104,0.5514881303990602,0.0,0.5,0.5,1
23.552,0.5558979096104286,0.5511081996547993,0.0,0.5,0.5,1
23.584,0.5552623054596416,0.549646961557767,0.0,0.5,0.5,1
23.616,0.554626711382664,0.5507553108443844,0.0,0.5,0.5,1
23.648,0.5539911274141693,0.549745353307235,0.014671665322269965,0.5,0.5,1
23.68,0.5533555535889891,0.5500075424253102,0.0,0.5,0.5,1
23.712,0.5527199899421149,0.5495128119805435,0.0,0.5,0.5,1
23.744,0.5520844365086987,0.5473620702918244,0.0,0.5,0.5,1
23.776,0.551448893324054,0.5468960428313361,0.0,0.5,0.5,1
23.808,0.5508133604236567,0.545298093049845,0.0,0.5,0.5,1
23.84,0.5501778378431462,0.5458271174284166,0.0,0.5,0.5,1
23.872,0.5495423256183259,0.5453829721482206,0.0,0.5,0.5,1
23.904,0.5489068237851645,0.5454771786883214,0.0,0.5,0.5,1
23.936,0.5482713323797972,0.5438041906170336,0.0,0.5,0.5,1
23.968,0.5476358514385259,0.5421656958538965,0.0,0.5,0.5,1
24.0,0.5470003809978209,0.543624469483657,0.0,0.5,0.5,1
24.032,0.5463649210943212,0.543624469483657,0.0,0.5,0.5,1
24.064,0.5457294717648362,0.5412286946139206,0.0,0.5,0.5,1
24.096,0.5450940330463464,0.5400885933908469,0.0,0.5,0.5,1
24.128,0.5444586049760041,0.5393833685425885,0.0,0.5,0.5,1
24.16,0.5438231875911346,0.5388850046709532,0.0,0.5,0.5,1
24.192,0.5431877809292369,0.5381794278971538,0.0,0.5,0.5,1
24.224,0.542552385027986,0.5376712829185842,0.0,0.5,0.5,1
24.256,0.5419169999252319,0.536693645550633,0.0,0.5,0.5,1
24.288,0.5412816256590026,0.5380508169187698,0.0,0.5,0.5,1
24.32,0.5406462622675033,0.5363518973608482,0.0027910493113545,0.5,0.5,1
24.352,0.5400109097891194,0.5353063977775411,0.0,0.5,0.5,1
24.384,0.5393755682624153,0.5339944470070696,0.0,0.5,0.5,1
24.416,0.5387402377261375,0.5330549184082705,0.0,0.5,0.5,1
24.448,0.5381049182192147,0.5323534884117049,0.0,0.5,0.5,1
24.48,0.5374696097807586,0.5333301823621203,0.0,0.5,0.5,1
24.512,0.5368343124500659,0.5333301823621203,0.0,0.5,0.5,1
24.544,0.5361990262666184,0.5316508647025909,0.0,0.5,0.5,1
24.576,0.5355637512700849,0.5315731961290056,0.0,0.5,0.5,1
24.608,0.5349284875003215,0.5290831379957784,0.0,0.5,0.5,1
24.64,0.5342932349973736,0.529225827680151,0.0,0.5,0.5,1
24.672,0.5336579938014764,0.5290979048592968,0.0,0.5,0.5,1
24.704,0.5330227639530559,0.527172429895295,0.0,0.5,0.5,1
24.736,0.5323875454927308,0.5263983533389417,0.0,0.5,0.5,1
24.768,0.5317523384613129,0.5263983533389417,0.0,0.5,0.5,1
24.8,0.5311171428998083,0.526757209821468,0.0,0.5,0.5,1
24.832,0.5304819588494192,0.5261652617972001,0.0,0.5,0.5,1
24.864,0.5298467863515445,0.5261647659819186,0.0,0.5,0.5,1
24.896,0.5292116254477809,0.5242462674295919,0.0,0.5,0.5,1
24.928,0.5285764761799243,0.5227004802354396,0.0,0.5,0.5,1
24.96,0.5279413385899714,0.522603481928948,0.0,0.5,0.5,1
24.992,0.5273062127201198,0.5228121996402288,0.0,0.5,0.5,1
25.024,0.5266710986127702,0.5211327847218326,0.0,0.5,0.5,1
25.056,0.5260359963105273,0.5200807135596859,0.0,0.5,0.5,1
25.088,0.5254009058562013,0.5203131603933902,0.0,0.5,0.5,1
25.12,0.5247658272928081,0.5198681423484649,0.0,0.5,0.5,1
25.152,0.5241307606635719,0.5179772070461272,0.0,0.5,0.5,1
25.184,0.5234957060119255,0.5183401983065803,0.0,0.5,0.5,1
25.216,0.5228606633815123,0.5174852452070641,0.0,0.5,0.5,1
25.248,0.5222256328161866,0.516917160628365,0.0,0.5,0.5,1
25.28,0.5215906143600159,0.5149590699983206,0.0,0.5,0.5,1
25.312,0.5209556080572814,0.516071140940515,0.0,0.5,0.5,1
25.344,0.5203206139524799,0.5157967230971849,0.0,0.5,0.5,1
25.376,0.5196856320903245,0.5151036592747872,0.0,0.5,0.5,1
25.408,0.5190506625157465,0.5151036592747872,0.0,0.5,0.5,1
25.44,0.5184157052738966,0.5124615433427397,0.0,0.5,0.5,1
25.472,0.5177807604101454,0.5114965031086568,0.0,0.5,0.5,1
25.504,0.5171458279700863,0.5113855646444145,0.0,0.5,0.5,1
25.536,0.5165109079995354,0.511317492275086,0.004253738250822245,0.5,0.5,1
25.568,0.5158760005445338,0.5105587710561449,0.0,0.5,0.5,1
25.6,0.5152411056513482,0.5092832080007055,0.0,0.5,0.5,1
25.632,0.5146062233664732,0.5097420497648344,0.0,0.5,0.5,1
25.664,0.513971353736632,0.5088041163026831,0.0,0.5,0.5,1
25.696,0.5133364968087779,0.5077913632777387,0.0,0.5,0.5,1
25.728,0.512701652630096,0.5063683822161121,0.0,0.5,0.5,1
25.76,0.5120668212480042,0.5058030198236338,0.0,0.5,0.5,1
25.792,0.5114320027101553,0.505568996725175,0.0,0.5,0.5,1
25.824,0.5107971970644375,0.5045455263371571,0.0,0.5,0.5,1
25.856,0.5101624043589768,0.5061245768940364,0.0,0.5,0.5,1
25.888,0.5095276246421377,0.5057781542143933,0.0,0.5,0.5,1
25.92,0.5088928579625256,0.503611735664577,0.0,0.5,0.5,1
25.952,0.5082581043689869,0.5021149953013132,0.0,0.5,0.5,1
25.984,0.5076233639106119,0.5013415348825596,0.0,0.5,0.5,1
26.016,0.5069886366367354,0.5011340673476559,0.0,0.5,0.5,1
26.048,0.506353922596939,0.5013726370886712,0.0,0.5,0.5,1
26.08,0.5057192218410517,0.49939812818144075,0.0,0.5,0.5,1
26.112,0.505084534419152,0.499294161001481,0.0,0.5,0.5,1
26.144,0.5044498603815697,0.49940141718987985,0.0,0.5,0.5,1
26.176,0.5038151997788868,0.49799391410378246,0.0,0.5,0.5,1
26.208,0.5031805526619394,0.49660540415684457,0.0,0.5,0.5,1
26.24,0.5025459190818198,0.4966059261321772,0.0,0.5,0.5,1
26.272,0.501911299089877,0.4952683416316373,0.0,0.5,0.5,1
26.304,0.501276692737719,0.4949165559530892,0.0,0.5,0.5,1
26.336,0.5006421000772148,0.4958149890759001,0.0,0.5,0.5,1
26.368,0.5000075211604954,0.4947128168859136,0.001522390534312009,0.5,0.5,1
26.4,0.4993729560399557,0.4942734620250823,0.0,0.5,0.5,1
26.432,0.49873840476825576,0.49274034436431685,0.0,0.5,0.5,1
26.464,0.49810386739832313,0.4920609430070406,0.0,0.5,0.5,1
26.496,0.4974693439833544,0.4904619818552344,0.0,0.5,0.5,1
26.528,0.4968348345768164,0.49125725374789975,0.0,0.5,0.5,1
26.56,0.49620033923244833,0.49125725374789975,0.0,0.5,0.5,1
26.592,0.49556585800426367,0.4900480480810352,0.0033223934572331024,0.5,0.5,1
26.624,0.49493139094655136,0.48917536144431867,0.0,0.5,0.5,1
26.656,0.494296938113878,0.4893800229279535,0.0,0.5,0.5,1
26.688,0.4936624995610895,0.48675512006054145,0.0,0.5,0.5,1
26.72,0.4930280753433127,0.48631911358178076,0.0010238822614437675,0.5,0.5,1
26.752,0.4923936655159575,0.48603641452498886,0.0,0.5,0.5,1
26.784,0.4917592701347184,0.4849581340212497,0.0,0.5,0.5,1
26.816,0.4911248892555763,0.484592008217226,0.006507473237864032,0.5,0.5,1
26.848,0.49049052293480044,0.4853969577192569,0.0,0.5,0.5,1
26.88,0.4898561712289505,0.4853969577192569,0.0,0.5,0.5,1
26.912,0.4892218341948778,0.4824344706994474,0.0,0.5,0.5,1
26.944,0.48858751188972793,0.48200469162380183,0.006405980536841592,0.5,0.5,1
26.976,0.4879532043709421,0.48138228180068754,0.0,0.5,0.5,1
27.008,0.48731891169625935,0.48138228180068754,0.0,0.5,0.5,1
27.04,0.4866846339237184,0.4810561935904424,0.0,0.5,0.5,1
27.072,0.4860503711116594,0.47935157440558773,0.0,0.5,0.5,1
27.104,0.48541612331872597,0.4800384007818937,0.0,0.5,0.5,1
27.136,0.4847818906038676,0.47811026754706004,0.0,0.5,0.5,1
27.168,0.48414767302634104,0.47727260975102803,0.0,0.5,0.5,1
27.2,0.48351347064571254,0.47731759996396783,0.0,0.5,0.5,1
27.232,0.4828792835218597,0.476937212431195,0.0,0.5,0.5,1
27.264,0.48224511171497403,0.4767058225022793,0.0,0.5,0.5,1
27.296,0.4816109552855622,0.47493935019582545,0.0,0.5,0.5,1
27.328,0.48097681429444883,0.4751406139755448,0.004656723978149642,0.5,0.5,1
27.36,0.4803426888027781,0.4732693064922194,0.003826871887343225,0.5,0.5,1
27.392,0.47970857887201596,0.4728658152935971,0.0,0.5,0.5,1
27.424,0.4790744845639524,0.47263162978091694,0.0,0.5,0.5,1
27.456,0.47844040594070336,0.47255635837510435,0.0,0.5,0.5,1
27.488,0.47780634306471303,0.47181982042736426,0.0,0.5,0.5,1
27.52,0.4771722959987561,0.47074586116985,0.0,0.5,0.5,1
27.552,0.47653826480593925,0.4706261449207848,0.0,0.5,0.5,1
27.584,0.4759042495497044,0.4685971345155704,0.0,0.5,0.5,1
27.616,0.47527025029383035,0.46776177782167666,0.0,0.5,0.5,1
27.648,0.4746362671024348,0.46836654983388504,0.0,0.5,0.5,1
27.68,0.4740023000399769,0.4671022196511801,0.0,0.5,0.5,1
27.712,0.47336834917125975,0.4675905642380618,0.0,0.5,0.5,1
27.744,0.47273441456143206,0.4665546744475847,0.0,0.5,0.5,1
27.776,0.4721004962759911,0.46501682789847226,0.0,0.5,0.5,1
27.808,0.4714665943807845,0.4642991649629436,0.0,0.5,0.5,1
27.84,0.47083270894201273,0.4638004009448888,0.0,0.5,0.5,1
27.872,0.47019884002623163,0.4626248851555764,0.0,0.5,0.5,1
27.904,0.4695649877003549,0.46298860491006916,0.0,0.5,0.5,1
27.936,0.46893115203165586,0.46204245235355357,0.0,0.5,0.5,1
27.968,0.46829733308777055,0.4617924735566387,0.0,0.5,0.5,1
28.0,0.46766353093669977,0.46057687863591174,0.0,0.5,0.5,1
28.032,0.46702974564681177,0.4589739396692406,0.0,0.5,0.5,1
28.064,0.46639597728684445,0.4594586940332389,0.0,0.5,0.5,1
28.096,0.46576222592590816,0.45853367697954434,0.0,0.5,0.5,1
28.128,0.4651284916334877,0.4582321590533874,0.0,0.5,0.5,1
28.16,0.46449477447944565,0.45765857919636815,0.0,0.5,0.5,1
28.192,0.4638610745340242,0.4565697747511069,0.0,0.5,0.5,1
28.224,0.4632273918678481,0.45681239696437587,0.0,0.5,0.5,1
28.256,0.46259372655192715,0.455064878203438,0.0,0.5,0.5,1
28.288,0.4619600786576588,0.4561153784634488,0.0,0.5,0.5,1
28.32,0.4613264482568306,0.4551475299637888,0.0,0.5,0.5,1
28.352,0.4606928354216235,0.4538214177182115,0.0,0.5,0.5,1
28.384,0.4600592402246137,0.45308154574800863,0.0,0.5,0.5,1
28.416,0.4594256627387757,0.45284327002083913,0.0,0.5,0.5,1
28.448,0.4587921030374856,0.4520298872602633,0.0,0.5,0.5,1
28.48,0.4581585611945225,0.4510388693940504,0.0,0.5,0.5,1
28.512,0.45752503728407273,0.4502940375186436,0.0,0.5,0.5,1
28.544,0.45689153138073174,0.4498315486346482,0.0,0.5,0.5,1
28.576,0.4562580435595071,0.4490876090422916,0.0,0.5,0.5,1
28.608,0.4556245738958214,0.4484015402299689,0.0,0.5,0.5,1
28.64,0.45499112246551515,0.44848192001125203,0.0,0.5,0.5,1
28.672,0.45435768934484955,0.44686684012639977,0.0,0.5,0.5,1
28.704,0.45372427461050957,0.44655199132731144,0.0,0.5,0.5,1
28.736,0.4530908783396066,0.44506827896189727,0.0,0.5,0.5,1
28.768,0.45245750060968176,0.44601173151272183,0.0,0.5,0.5,1
28.8,0.45182414149870853,0.44411082598048557,0.0,0.5,0.5,1
28.832,0.451190801085096,0.44517960330673895,0.0,0.5,0.5,1
28.864,0.45055747944769176,0.443295911089875,0.0,0.5,0.5,1
28.896,0.4499241766657851,0.4417380106932803,0.0,0.5,0.5,1
28.928,0.44929089281910983,0.44091189486331733,0.0,0.5,0.5,1
28.96,0.44865762798784764,0.4422610498704085,0.0,0.5,0.5,1
28.992,0.44802438225263114,0.4405002157286157,0.0,0.5,0.5,1
29.024,0.44739115569454707,0.4404083972618204,0.0,0.5,0.5,1
29.056,0.44675794839513944,0.43887624161729255,0.0,0.5,0.5,1
29.088,0.4461247604364125,0.4389107082795481,0.0,0.5,0.5,1
29.12,0.4454915919008345,0.43704891913610133,0.0,0.5,0.5,1
29.152,0.44485844287134046,0.4376330809516095,0.0,0.5,0.5,1
29.184,0.44422531343133587,0.4368608524628361,0.0,0.5,0.5,1
29.216,0.44359220366469954,0.43712674214540415,0.0,0.5,0.5,1
29.248,0.44295911365578744,0.43549084671940924,0.0,0.5,0.5,1
29.28,0.44232604348943577,0.43453700566477693,-0.0023850785029391136,0.5,0.5,1
29.312,0.44169299325096434,0.4330898196178914,0.0,0.5,0.5,1
29.344,0.4410599630261802,0.43433607450319023,0.0,0.5,0.5,1
29.376,0.440426952901381,0.4325330972704116,0.0001313434971085784,0.5,0.5,1
29.408,0.4397939629633585,0.43195857388305037,0.0,0.5,0.5,1
29.44,0.439160993299402,0.43174766728540187,0.0,0.5,0.5,1
29.472,0.43852804399730205,0.43029159733469624,0.0,0.5,0.5,1
29.504,0.43789511514535395,0.42999692513702625,0.0,0.0,0.0,1
29.536,0.43788672924340866,0.43029159733469624,0.0,0.5,0.5,1
29.568,0.4372652069098187,0.4285465503564924,0.0,0.0,0.0,1
29.6,0.43725575492397,0.42999692513702625,0.0,0.0,0.0,1
29.632,0.43725803634584,0.42999692513702625,0.0,0.0,0.0,1
29.664,0.4372595100995313,0.42999692513702625,0.0,0.0,0.0,1
29.696,0.437260448831299,0.4285465503564924,0.0,0.0,0.0,1
29.728,0.43726104674365324,0.4285465503564924,0.0,0.0,0.0,1
29.76,0.4372614275808429,0.4285465503564924,0.0,0.0,0.0,1
29.792,0.43726167015746215,0.4285465503564924,0.0,0.0,0.0,1
29.824,0.43726182467154834,0.4285465503564924,0.0,0.0,0.0,1
29.856,0.43726192309500417,0.4285465503564924,0.0,0.0,0.0,1
29.888,0.4372619857913909,0.4285465503564924,0.0,0.0,0.0,1
29.92,0.43726202573083156,0.4285465503564924,0.0,0.0,0.0,1
29.952,0.4372620511744847,0.4285465503564924,0.0,0.0,0.0,1
29.984,0.43726206738428924,0.4285465503564924,0.0,0.0,0.0,1
30.016,0.4372620777119061,0.4285465503564924,0.0,0.0,0.0,1
30.048,0.43726208429227365,0.4285465503564924,0.0,0.0,0.0,1
30.08,0.4372620884853435,0.4285465503564924,0.0,0.0,0.0,1
30.112,0.4372620911574317,0.4285465503564924,0.0,0.0,0.0,1
30.144,0.43726209286042056,0.4285465503564924,0.0,0.0,0.0,1
30.176,0.4372620939459,0.4285465503564924,0.0,0.0,0.0,1
30.208,0.43726209463787014,0.4285465503564924,0.0,0.0,0.0,1
30.24,0.4372620950790522,0.4285465503564924,0.0,0.0,0.0,1
30.272,0.4372620953603864,0.4285465503564924,0.0,0.0,0.0,1
30.304,0.43726209553982365,0.4285465503564924,0.0,0.0,0.0,1
30.336,0.43726209565429613,0.4285465503564924,0.0,0.0,0.0,1
30.368,0.4372620957273431,0.4285465503564924,0.0,0.0,0.0,1
30.4,0.4372620957739697,0.4285465503564924,0.0,0.0,0.0,1
30.432,0.4372620958037419,0.4285465503564924,0.0,0.0,0.0,1
30.464,0.43726209582275993,0.4285465503564924,0.0,0.0,0.0,1
30.496,0.4372620958349137,0.4285465503564924,0.0,0.0,0.0,1
30.528,0.4372620958426848,0.4285465503564924,0.0,0.0,0.0,1
30.56,0.4372620958476565,0.4285465503564924,0.0,0.0,0.0,1
30.592,0.4372620958507734,0.4285465503564924,0.0,0.0,0.0,1
30.624,0.4372620958527505,0.4285465503564924,0.0,0.0,0.0,1
30.656,0.43726209585404824,0.4285465503564924,0.0,0.0,0.0,1
30.688,0.4372620958549008,0.4285465503564924,0.0,0.0,0.0,1
30.72,0.4372620958554613,0.4285465503564924,0.0,0.0,0.0,1
30.752,0.4372620958558301,0.4285465503564924,0.0,0.0,0.0,1
30.784,0.43726209585607295,0.4285465503564924,0.0,0.0,0.0,1
30.816,0.4372620958562332,0.4285465503564924,0.0,0.0,0.0,1
30.848,0.437262095856339,0.4285465503564924,0.0,0.0,0.0,1
30.88,0.43726209585640896,0.4285465503564924,0.0,0.0,0.0,1
30.912,0.43726209585645537,0.4285465503564924,0.0,0.0,0.0,1
30.944,0.43726209585648607,0.4285465503564924,0.0,0.0,0.0,1
30.976,0.4372620958565065,0.4285465503564924,0.0,0.0,0.0,1
31.008,0.4372620958565201,0.4285465503564924,0.0,0.0,0.0,1
31.04,0.4372620958565291,0.4285465503564924,0.0,0.0,0.0,1
31.072,0.43726209585653525,0.4285465503564924,0.0,0.0,0.0,1
31.104,0.4372620958565393,0.4285465503564924,0.0,0.0,0.0,1
31.136,0.437262095856542,0.4285465503564924,0.0,0.0,0.0,1
31.168,0.43726209585654385,0.4285465503564924,0.0,0.0,0.0,1
31.2,0.4372620958565451,0.4285465503564924,0.0,0.0,0.0,1
31.232,0.43726209585654596,0.4285465503564924,0.0,0.0,0.0,1
31.264,0.4372620958565466,0.4285465503564924,0.0,0.0,0.0,1
31.296,0.43726209585654696,0.4285465503564924,0.0,0.0,0.0,1
31.328,0.4372620958565472,0.4285465503564924,0.0,0.0,0.0,1
31.36,0.4372620958565474,0.4285465503564924,0.0,0.0,0.0,1
31.392,0.4372620958565476,0.4285465503564924,0.0,0.0,0.0,1
31.424,0.4372620958565476,0.4285465503564924,0.0,0.0,0.0,1
31.456,0.4372620958565477,0.4285465503564924,0.0,0.0,0.0,1
31.488,0.4372620958565477,0.4285465503564924,0.0,0.0,0.0,1
31.52,0.4372620958565478,0.4285465503564924,0.0,0.0,0.0,1
31.552,0.4372620958565478,0.4285465503564924,0.0,0.0,0.0,1
31.584,0.4372620958565478,0.4285465503564924,0.0,0.0,0.0,1
31.616,0.4372620958565478,0.4285465503564924,0.0,0.0,0.0,1
31.648,0.4372620958565478,0.4285465503564924,0.0,0.0,0.0,1
31.68,0.4372620958565478,0.4285465503564924,0.0,0.0,0.0,1
31.712,0.4372620958565478,0.4285465503564924,0.0,0.0,0.0,1
31.744,0.4372620958565478,0.4285465503564924,0.0,0.0,0.0,1
31.776,0.4372620958565478,0.4285465503564924,0.0,0.0,0.0,1
31.808,0.4372620958565478,0.4285465503564924,0.0,0.0,0.0,1
31.84,0.4372620958565478,0.4285465503564924,0.0,0.0,0.0,1
31.872,0.4372620958565478,0.4285465503564924,0.0,0.0,0.0,1
31.904,0.4372620958565478,0.4285465503564924,0.0,0.0,0.0,1
31.936,0.4372620958565478,0.4285465503564924,0.0,0.0,0.0,1
31.968,0.4372620958565478,0.4285465503564924,0.0,0.0,0.0,1
32.0,0.4372620958565478,0.4285465503564924,0.0,0.0,0.0,1
32.032,0.4372620958565478,0.4285465503564924,0.0,0.0,0.0,1
32.064,0.4372620958565478,0.4285465503564924,0.0,0.0,0.0,1
32.096,0.4372620958565478,0.4285465503564924,0.0,0.0,0.0,1
32.128,0.4372620958565478,0.4285465503564924,0.0,0.0,0.0,1
32.16,0.4372620958565478,0.4285465503564924,0.0,0.0,0.0,1
32.192,0.4372620958565478,0.4285465503564924,0.0,0.0,0.0,1
32.224,0.4372620958565478,0.4285465503564924,0.0,0.0,0.0,1
32.256,0.4372620958565478,0.4285465503564924,0.0,0.0,0.0,1
32.288,0.4372620958565478,0.4285465503564924,0.0,0.0,0.0,1
32.32,0.4372620958565478,0.4285465503564924,0.0,0.0,0.0,1
32.352,0.4372620958565478,0.4285465503564924,0.0,0.0,0.0,1
32.384,0.4372620958565478,0.4285465503564924,0.0,0.0,0.0,1
32.416,0.4372620958565478,0.4285465503564924,0.0,0.0,0.0,1
32.448,0.4372620958565478,0.4285465503564924,0.0,0.0,0.0,1
32.48,0.4372620958565478,0.4285465503564924,0.0,0.0,0.0,1
32.512,0.4372620958565478,0.4285465503564924,0.0,0.0,0.0,1
32.544,0.4372620958565478,0.4285465503564924,0.0,0.0,0.0,1
32.576,0.4372620958565478,0.4285465503564924,0.0,0.0,0.0,1
32.608,0.4372620958565478,0.4285465503564924,0.0,0.0,0.0,1
32.64,0.4372620958565478,0.4285465503564924,0.0,0.0,0.0,1
32.672,0.4372620958565478,0.4285465503564924,0.0,0.0,0.0,1
32.704,0.4372620958565478,0.4285465503564924,0.0,0.0,0.0,1
32.736,0.4372620958565478,0.4285465503564924,0.0,0.0,0.0,1
32.768,0.4372620958565478,0.4285465503564924,0.0,0.0,0.0,1
32.8,0.4372620958565478,0.4285465503564924,0.0,0.0,0.0,1
32.832,0.4372620958565478,0.4285465503564924,0.0,0.0,0.0,1
32.864,0.4372620958565478,0.4285465503564924,0.0,0.0,0.0,1
32.896,0.4372620958565478,0.4285465503564924,0.0,0.0,0.0,1
32.928,0.4372620958565478,0.4285465503564924,0.0,0.0,0.0,1
32.96,0.4372620958565478,0.4285465503564924,0.0,0.0,0.0,1
32.992,0.4372620958565478,0.4285465503564924,0.0,0.0,0.0,1
33.024,0.4372620958565478,0.4285465503564924,0.0,0.0,0.0,1
33.056,0.4372620958565478,0.4285465503564924,0.0,0.0,0.0,1
33.088,0.4372620958565478,0.4285465503564924,0.0,0.0,0.0,1
33.12,0.4372620958565478,0.4285465503564924,0.0,0.0,0.0,1
33.152,0.4372620958565478,0.4285465503564924,0.0,0.0,0.0,1
33.184,0.4372620958565478,0.4285465503564924,0.0,0.0,0.0,1
33.216,0.4372620958565478,0.4285465503564924,0.0,0.0,0.0,1
33.248,0.4372620958565478,0.4285465503564924,0.0,0.0,0.0,1
33.28,0.4372620958565478,0.4285465503564924,0.0,0.0,0.0,1
33.312,0.4372620958565478,0.4285465503564924,0.0,0.0,0.0,1
33.344,0.4372620958565478,0.4285465503564924,0.0,0.0,0.0,1
33.376,0.4372620958565478,0.4285465503564924,0.0,0.0,0.0,1
33.408,0.4372620958565478,0.4285465503564924,0.0,0.0,0.0,1
33.44,0.4372620958565478,0.4285465503564924,0.0,0.0,0.0,1
33.472,0.4372620958565478,0.4285465503564924,0.0,0.0,0.0,1
33.504,0.4372620958565478,0.4285465503564924,0.0,0.0,0.0,1
33.536,0.4372620958565478,0.4285465503564924,0.0,0.0,0.0,1
33.568,0.4372620958565478,0.4285465503564924,0.0,0.0,0.0,1
33.6,0.4372620958565478,0.4285465503564924,0.0,0.0,0.0,1
33.632,0.4372620958565478,0.4285465503564924,0.0,0.0,0.0,1
33.664,0.4372620958565478,0.4285465503564924,0.0,0.0,0.0,1
33.696,0.4372620958565478,0.4285465503564924,0.0,0.0,0.0,1
33.728,0.4372620958565478,0.4285465503564924,0.0,0.0,0.0,1
33.76,0.4372620958565478,0.4285465503564924,0.0,0.0,0.0,1
33.792,0.4372620958565478,0.4285465503564924,0.0,0.0,0.0,1
33.824,0.4372620958565478,0.4285465503564924,0.0,0.0,0.0,1
33.856,0.4372620958565478,0.4285465503564924,0.0,0.0,0.0,1
33.888,0.4372620958565478,0.4285465503564924,0.0,0.0,0.0,1
33.92,0.4372620958565478,0.4285465503564924,0.0,0.0,0.0,1
33.952,0.4372620958565478,0.4285465503564924,0.0,0.0,0.0,1
33.984,0.4372620958565478,0.4285465503564924,0.0,0.0,0.0,1
34.016,0.4372620958565478,0.4285465503564924,0.0,0.0,0.0,1
34.048,0.4372620958565478,0.4285465503564924,0.0,0.0,0.0,1
34.08,0.4372620958565478,0.4285465503564924,0.0,0.0,0.0,1
34.112,0.4372620958565478,0.4285465503564924,0.0,0.0,0.0,1
34.144,0.4372620958565478,0.4285465503564924,0.0,0.0,0.0,1
34.176,0.4372620958565478,0.4285465503564924,0.0,0.0,0.0,1
34.208,0.4372620958565478,0.4285465503564924,0.0,0.0,0.0,1
34.24,0.4372620958565478,0.4285465503564924,0.0,0.0,0.0,1
34.272,0.4372620958565478,0.4285465503564924,0.0,0.0,0.0,1
34.304,0.4372620958565478,0.4285465503564924,0.0,0.0,0.0,1
34.336,0.4372620958565478,0.4285465503564924,0.0,0.0,0.0,1
34.368,0.4372620958565478,0.4285465503564924,0.0,0.0,0.0,1
34.4,0.4372620958565478,0.4285465503564924,0.0,0.0,0.0,1
34.432,0.4372620958565478,0.4285465503564924,0.0,0.0,0.0,1
34.464,0.4372620958565478,0.4285465503564924,0.0,0.0,0.0,1
34.496,0.4372620958565478,0.4285465503564924,0.0,0.0,0.0,1
34.528,0.4372620958565478,0.4285465503564924,0.0,0.0,0.0,1
34.56,0.4372620958565478,0.4285465503564924,0.0,0.0,0.0,1
34.592,0.4372620958565478,0.4285465503564924,0.0,0.0,0.0,1
34.624,0.4372620958565478,0.4285465503564924,0.0,0.0,0.0,1
34.656,0.4372620958565478,0.4285465503564924,0.0,0.0,0.0,1
34.688,0.4372620958565478,0.4285465503564924,0.0,0.0,0.0,1
34.72,0.4372620958565478,0.4285465503564924,0.0,0.0,0.0,1
34.752,0.4372620958565478,0.4285465503564924,0.0,0.0,0.0,1
34.784,0.4372620958565478,0.4285465503564924,0.0,0.0,0.0,1
34.816,0.4372620958565478,0.4285465503564924,0.0,0.0,0.0,1
34.848,0.4372620958565478,0.4285465503564924,0.0,0.0,0.0,1
34.88,0.4372620958565478,0.4285465503564924,0.0,0.0,0.0,1
34.912,0.4372620958565478,0.4285465503564924,0.0,0.0,0.0,1
34.944,0.4372620958565478,0.4285465503564924,0.0,0.0,0.0,1
34.976,0.4372620958565478,0.4285465503564924,0.0,0.0,0.0,1
35.008,0.4372620958565478,0.4285465503564924,0.0,0.0,0.0,1
35.04,0.4372620958565478,0.4285465503564924,0.0,0.0,0.0,1
35.072,0.4372620958565478,0.4285465503564924,0.0,0.0,0.0,1
35.104,0.4372620958565478,0.4285465503564924,0.0,0.0,0.0,1
35.136,0.4372620958565478,0.4285465503564924,0.0,0.0,0.0,1
35.168,0.4372620958565478,0.4285465503564924,0.0,0.0,0.0,1
35.2,0.4372620958565478,0.4285465503564924,0.0,0.0,0.0,1
35.232,0.4372620958565478,0.4285465503564924,0.0,0.0,0.0,1
35.264,0.4372620958565478,0.4285465503564924,0.0,0.0,0.0,1
35.296,0.4372620958565478,0.4285465503564924,0.0,0.0,0.0,1
35.328,0.4372620958565478,0.4285465503564924,0.0,0.0,0.0,1
35.36,0.4372620958565478,0.4285465503564924,0.0,0.0,0.0,1
35.392,0.4372620958565478,0.4285465503564924,0.0,0.0,0.0,1
35.424,0.4372620958565478,0.4285465503564924,0.0,0.0,0.0,1
35.456,0.4372620958565478,0.4285465503564924,0.0,0.0,0.0,1
35.488,0.4372620958565478,0.4285465503564924,0.0,0.0,0.0,1
35.52,0.4372620958565478,0.4285465503564924,0.0,0.0,0.0,1
35.552,0.4372620958565478,0.4285465503564924,0.0,0.0,0.0,1
35.584,0.4372620958565478,0.4285465503564924,0.0,0.0,0.0,1
35.616,0.4372620958565478,0.4285465503564924,0.0,0.0,0.0,1
35.648,0.4372620958565478,0.4285465503564924,0.0,0.0,0.0,1
35.68,0.4372620958565478,0.4285465503564924,0.0,0.0,0.0,1
35.712,0.4372620958565478,0.4285465503564924,0.0,0.0,0.0,1
35.744,0.4372620958565478,0.4285465503564924,0.0,0.0,0.0,1
35.776,0.4372620958565478,0.4285465503564924,0.0,0.0,0.0,1
35.808,0.4372620958565478,0.4285465503564924,0.0,0.0,0.0,1
35.84,0.4372620958565478,0.4285465503564924,0.0,0.0,0.0,1
35.872,0.4372620958565478,0.4285465503564924,0.0,0.0,0.0,1
35.904,0.4372620958565478,0.4285465503564924,0.0,0.0,0.0,1
35.936,0.4372620958565478,0.4285465503564924,0.0,0.0,0.0,1
35.968,0.4372620958565478,0.4285465503564924,0.0,0.0,0.0,1
36.0,0.4372620958565478,0.4285465503564924,0.0,0.0,0.0,1
36.032,0.4372620958565478,0.4285465503564924,0.0,0.0,0.0,1
36.064,0.4372620958565478,0.4285465503564924,0.0,0.0,0.0,1
36.096,0.4372620958565478,0.4285465503564924,0.0,0.0,0.0,1
36.128,0.4372620958565478,0.4285465503564924,0.0,0.0,0.0,1
36.16,0.4372620958565478,0.4285465503564924,0.0,0.0,0.0,1
36.192,0.4372620958565478,0.4285465503564924,0.0,0.0,0.0,1
36.224,0.4372620958565478,0.4285465503564924,0.0,0.0,0.0,1
36.256,0.4372620958565478,0.4285465503564924,0.0,0.0,0.0,1
36.288,0.4372620958565478,0.4285465503564924,0.0,0.0,0.0,1
36.32,0.4372620958565478,0.4285465503564924,0.0,0.0,0.0,1
36.352,0.4372620958565478,0.4285465503564924,0.0,0.0,0.0,1
36.384,0.4372620958565478,0.4285465503564924,0.0,0.0,0.0,1
36.416,0.4372620958565478,0.4285465503564924,0.0,0.0,0.0,1
36.448,0.4372620958565478,0.4285465503564924,0.0,0.0,0.0,1
36.48,0.4372620958565478,0.4285465503564924,0.0,0.0,0.0,1
36.512,0.4372620958565478,0.4285465503564924,0.0,0.0,0.0,1
36.544,0.4372620958565478,0.4285465503564924,0.0,0.0,0.0,1
36.576,0.4372620958565478,0.4285465503564924,0.0,0.0,0.0,1
36.608,0.4372620958565478,0.4285465503564924,0.0,0.0,0.0,1
36.64,0.4372620958565478,0.4285465503564924,0.0,0.0,0.0,1
36.672,0.4372620958565478,0.4285465503564924,0.0,0.0,0.0,1
36.704,0.4372620958565478,0.4285465503564924,0.0,0.0,0.0,1
36.736,0.4372620958565478,0.4285465503564924,0.0,0.0,0.0,1
36.768,0.4372620958565478,0.4285465503564924,0.0,0.0,0.0,1
36.8,0.4372620958565478,0.4285465503564924,0.0,0.0,0.0,1
36.832,0.4372620958565478,0.4285465503564924,0.0,0.0,0.0,1
36.864,0.4372620958565478,0.4285465503564924,0.0,0.0,0.0,1
36.896,0.4372620958565478,0.4285465503564924,0.0,0.0,0.0,1
36.928,0.4372620958565478,0.4285465503564924,0.0,0.0,0.0,1
36.96,0.4372620958565478,0.4285465503564924,0.0,0.0,0.0,1
36.992,0.4372620958565478,0.4285465503564924,0.0,0.0,0.0,1
37.024,0.4372620958565478,0.4285465503564924,0.0,0.0,0.0,1
37.056,0.4372620958565478,0.4285465503564924,0.0,0.0,0.0,1
37.088,0.4372620958565478,0.4285465503564924,0.0,0.0,0.0,1
37.12,0.4372620958565478,0.4285465503564924,0.0,0.0,0.0,1
37.152,0.4372620958565478,0.4285465503564924,0.0,0.0,0.0,1
37.184,0.4372620958565478,0.4285465503564924,0.0,0.0,0.0,1
37.216,0.4372620958565478,0.4285465503564924,0.0,0.0,0.0,1
37.248,0.4372620958565478,0.4285465503564924,0.0,0.0,0.0,1
37.28,0.4372620958565478,0.4285465503564924,0.0,0.0,0.0,1
37.312,0.4372620958565478,0.4285465503564924,0.0,0.0,0.0,1
37.344,0.4372620958565478,0.4285465503564924,0.0,0.0,0.0,1
37.376,0.4372620958565478,0.4285465503564924,0.0,0.0,0.0,1
37.408,0.4372620958565478,0.4285465503564924,0.0,0.0,0.0,1
37.44,0.4372620958565478,0.4285465503564924,0.0,0.0,0.0,1
37.472,0.4372620958565478,0.4285465503564924,0.0,0.0,0.0,1
37.504,0.4372620958565478,0.4285465503564924,0.0,0.0,0.0,1
37.536,0.4372620958565478,0.4285465503564924,0.0,0.0,0.0,1
37.568,0.4372620958565478,0.4285465503564924,0.0,0.0,0.0,1
37.6,0.4372620958565478,0.4285465503564924,0.0,0.0,0.0,1
37.632,0.4372620958565478,0.4285465503564924,0.0,0.0,0.0,1
37.664,0.4372620958565478,0.4285465503564924,0.0,0.0,0.0,1
37.696,0.4372620958565478,0.4285465503564924,0.0,0.0,0.0,1
37.728,0.4372620958565478,0.4285465503564924,0.0,0.0,0.0,1
37.76,0.4372620958565478,0.4285465503564924,0.0,0.0,0.0,1
37.792,0.4372620958565478,0.4285465503564924,0.0,0.0,0.0,1
37.824,0.4372620958565478,0.4285465503564924,0.0,0.0,0.0,1
37.856,0.4372620958565478,0.4285465503564924,0.0,0.0,0.0,1
37.888,0.4372620958565478,0.4285465503564924,0.0,0.0,0.0,1
37.92,0.4372620958565478,0.4285465503564924,0.0,0.0,0.0,1
37.952,0.4372620958565478,0.4285465503564924,0.0,0.0,0.0,1
37.984,0.4372620958565478,0.4285465503564924,0.0,0.0,0.0,1
38.016,0.4372620958565478,0.4285465503564924,0.0,0.0,0.0,1
38.048,0.4372620958565478,0.4285465503564924,0.0,0.0,0.0,1
38.08,0.4372620958565478,0.4285465503564924,0.0,0.0,0.0,1
38.112,0.4372620958565478,0.4285465503564924,0.0,0.0,0.0,1
38.144,0.4372620958565478,0.4285465503564924,0.0,0.0,0.0,1
38.176,0.4372620958565478,0.4285465503564924,0.0,0.0,0.0,1
38.208,0.4372620958565478,0.4285465503564924,0.0,0.0,0.0,1
38.24,0.4372620958565478,0.4285465503564924,0.0,0.0,0.0,1
38.272,0.4372620958565478,0.4285465503564924,0.0,0.0,0.0,1
38.304,0.4372620958565478,0.4285465503564924,0.0,0.0,0.0,1
38.336,0.4372620958565478,0.4285465503564924,0.0,0.0,0.0,1
38.368,0.4372620958565478,0.4285465503564924,0.0,0.0,0.0,1
38.4,0.4372620958565478,0.4285465503564924,0.0,0.0,0.0,1
38.432,0.4372620958565478,0.4285465503564924,0.0,0.0,0.0,1
38.464,0.4372620958565478,0.4285465503564924,0.0,0.0,0.0,1
38.496,0.4372620958565478,0.4285465503564924,0.0,0.0,0.0,1
38.528,0.4372620958565478,0.4285465503564924,0.0,0.0,0.0,1
38.56,0.4372620958565478,0.4285465503564924,0.0,0.0,0.0,1
38.592,0.4372620958565478,0.4285465503564924,0.0,0.0,0.0,1
38.624,0.4372620958565478,0.4285465503564924,0.0,0.0,0.0,1
38.656,0.4372620958565478,0.4285465503564924,0.0,0.0,0.0,1
38.688,0.4372620958565478,0.4285465503564924,0.0,0.0,0.0,1
38.72,0.4372620958565478,0.4285465503564924,0.0,0.0,0.0,1
38.752,0.4372620958565478,0.4285465503564924,0.0,0.0,0.0,1
38.784,0.4372620958565478,0.4285465503564924,0.0,0.0,0.0,1
38.816,0.4372620958565478,0.4285465503564924,0.0,0.0,0.0,1
38.848,0.4372620958565478,0.4285465503564924,0.0,0.0,0.0,1
38.88,0.4372620958565478,0.4285465503564924,0.0,0.0,0.0,1
38.912,0.4372620958565478,0.4285465503564924,0.0,0.0,0.0,1
38.944,0.4372620958565478,0.4285465503564924,0.0,0.0,0.0,1
38.976,0.4372620958565478,0.4285465503564924,0.0,0.0,0.0,1
39.008,0.4372620958565478,0.4285465503564924,0.0,0.0,0.0,1
39.04,0.4372620958565478,0.4285465503564924,0.0,0.0,0.0,1
39.072,0.4372620958565478,0.4285465503564924,0.0,0.0,0.0,1
39.104,0.4372620958565478,0.4285465503564924,0.0,0.0,0.0,1
39.136,0.4372620958565478,0.4285465503564924,0.0,0.0,0.0,1
39.168,0.4372620958565478,0.4285465503564924,0.0,0.0,0.0,1
39.2,0.4372620958565478,0.4285465503564924,0.0,0.0,0.0,1
39.232,0.4372620958565478,0.4285465503564924,0.0,0.0,0.0,1
39.264,0.4372620958565478,0.4285465503564924,0.0,0.0,0.0,1
39.296,0.4372620958565478,0.4285465503564924,0.0,0.0,0.0,1
39.328,0.4372620958565478,0.4285465503564924,0.0,0.0,0.0,1
39.36,0.4372620958565478,0.4285465503564924,0.0,0.0,0.0,1
39.392,0.4372620958565478,0.4285465503564924,0.0,0.0,0.0,1
39.424,0.4372620958565478,0.4285465503564924,0.0,0.0,0.0,1
39.456,0.4372620958565478,0.4285465503564924,0.0,0.0,0.0,1
39.488,0.4372620958565478,0.4285465503564924,0.0,0.0,0.0,1
39.52,0.4372620958565478,0.4285465503564924,0.0,0.0,0.0,1
39.552,0.4372620958565478,0.4285465503564924,0.0,0.0,0.0,1
39.584,0.4372620958565478,0.4285465503564924,0.0,0.0,0.0,1
39.616,0.4372620958565478,0.4285465503564924,0.0,0.0,0.0,1
39.648,0.4372620958565478,0.4285465503564924,0.0,0.0,0.0,1
39.68,0.4372620958565478,0.4285465503564924,0.0,0.0,0.0,1
39.712,0.4372620958565478,0.4285465503564924,0.0,0.0,0.0,1
39.744,0.4372620958565478,0.4285465503564924,0.0,0.0,0.0,1
39.776,0.4372620958565478,0.4285465503564924,0.0,0.0,0.0,1
39.808,0.4372620958565478,0.4285465503564924,0.0,0.0,0.0,1
39.84,0.4372620958565478,0.4285465503564924,0.0,0.0,0.0,1
39.872,0.4372620958565478,0.4285465503564924,0.0,0.0,0.0,1
39.904,0.4372620958565478,0.4285465503564924,0.0,0.0,0.0,1
39.936,0.4372620958565478,0.4285465503564924,0.0,0.0,0.0,1
39.968,0.4372620958565478,0.4285465503564924,0.0,0.0,0.0,1
40.0,0.4372620958565478,0.4285465503564924,0.0,0.0,0.0,1
40.032,0.4372620958565478,0.4285465503564924,0.0,0.0,0.0,1
40.064,0.4372620958565478,0.4285465503564924,0.0,0.0,0.0,1
40.096,0.4372620958565478,0.4285465503564924,0.0,0.0,0.0,1
40.128,0.4372620958565478,0.4285465503564924,0.0,0.0,0.0,1
40.16,0.4372620958565478,0.4285465503564924,0.0,0.0,0.0,1
40.192,0.4372620958565478,0.4285465503564924,0.0,0.0,0.0,1
40.224,0.4372620958565478,0.4285465503564924,0.0,0.0,0.0,1
40.256,0.4372620958565478,0.4285465503564924,0.0,0.0,0.0,1
40.288,0.4372620958565478,0.4285465503564924,0.0,0.0,0.0,1
40.32,0.4372620958565478,0.4285465503564924,0.0,0.0,0.0,1
40.352,0.4372620958565478,0.4285465503564924,0.0,0.0,0.0,1
40.384,0.4372620958565478,0.4285465503564924,0.0,0.0,0.0,1
40.416,0.4372620958565478,0.4285465503564924,0.0,0.0,0.0,1
40.448,0.4372620958565478,0.4285465503564924,0.0,0.0,0.0,1
40.48,0.4372620958565478,0.4285465503564924,0.0,0.0,0.0,1
40.512,0.4372620958565478,0.4285465503564924,0.0,0.0,0.0,1
40.544,0.4372620958565478,0.4285465503564924,0.0,0.0,0.0,1
40.576,0.4372620958565478,0.4285465503564924,0.0,0.0,0.0,1
40.608,0.4372620958565478,0.4285465503564924,0.0,0.0,0.0,1
40.64,0.4372620958565478,0.4285465503564924,0.0,0.0,0.0,1
40.672,0.4372620958565478,0.4285465503564924,0.0,0.0,0.0,1
40.704,0.4372620958565478,0.4285465503564924,0.0,0.0,0.0,1
40.736,0.4372620958565478,0.4285465503564924,0.0,0.0,0.0,1
40.768,0.4372620958565478,0.4285465503564924,0.0,0.0,0.0,1
40.8,0.4372620958565478,0.4285465503564924,0.0,0.0,0.0,1
40.832,0.4372620958565478,0.4285465503564924,0.0,0.0,0.0,1
40.864,0.4372620958565478,0.4285465503564924,0.0,0.0,0.0,1
40.896,0.4372620958565478,0.4285465503564924,0.0,0.0,0.0,1
40.928,0.4372620958565478,0.4285465503564924,0.0,0.0,0.0,1
40.96,0.4372620958565478,0.4285465503564924,0.0,0.0,0.0,1
40.992,0.4372620958565478,0.4285465503564924,0.0,0.0,0.0,1
41.024,0.4372620958565478,0.4285465503564924,0.0,0.0,0.0,1
41.056,0.4372620958565478,0.4285465503564924,0.0,0.0,0.0,1
41.088,0.4372620958565478,0.4285465503564924,0.0,0.0,0.0,1
41.12,0.4372620958565478,0.4285465503564924,0.0,0.0,0.0,1
41.152,0.4372620958565478,0.4285465503564924,0.0,0.0,0.0,1
41.184,0.4372620958565478,0.4285465503564924,0.0,0.0,0.0,1
41.216,0.4372620958565478,0.4285465503564924,0.0,0.0,0.0,1
41.248,0.4372620958565478,0.4285465503564924,0.0,0.0,0.0,1
41.28,0.4372620958565478,0.4285465503564924,0.0,0.0,0.0,1
41.312,0.4372620958565478,0.4285465503564924,0.0,0.0,0.0,1
41.344,0.4372620958565478,0.4285465503564924,0.0,0.0,0.0,1
41.376,0.4372620958565478,0.4285465503564924,0.0,0.0,0.0,1
41.408,0.4372620958565478,0.4285465503564924,0.0,0.0,0.0,1
41.44,0.4372620958565478,0.4285465503564924,0.0,0.0,0.0,1
41.472,0.4372620958565478,0.4285465503564924,0.0,0.0,0.0,1
41.504,0.4372620958565478,0.4285465503564924,0.0,0.0,0.0,1
41.536,0.4372620958565478,0.4285465503564924,0.0,0.0,0.0,1
41.568,0.4372620958565478,0.4285465503564924,0.0,0.0,0.0,1
41.6,0.4372620958565478,0.4285465503564924,0.0,0.0,0.0,1
41.632,0.4372620958565478,0.4285465503564924,0.0,0.0,0.0,1
41.664,0.4372620958565478,0.4285465503564924,0.0,0.0,0.0,1
41.696,0.4372620958565478,0.4285465503564924,0.0,0.0,0.0,1
41.728,0.4372620958565478,0.4285465503564924,0.0,0.0,0.0,1
41.76,0.4372620958565478,0.4285465503564924,0.0,0.0,0.0,1
41.792,0.4372620958565478,0.4285465503564924,0.0,0.0,0.0,1
41.824,0.4372620958565478,0.4285465503564924,0.0,0.0,0.0,1
41.856,0.4372620958565478,0.4285465503564924,0.0,0.0,0.0,1
41.888,0.4372620958565478,0.4285465503564924,0.0,0.0,0.0,1
41.92,0.4372620958565478,0.4285465503564924,0.0,0.0,0.0,1
41.952,0.4372620958565478,0.4285465503564924,0.0,0.0,0.0,1
41.984,0.4372620958565478,0.4285465503564924,0.0,0.0,0.0,1
42.016,0.4372620958565478,0.4285465503564924,0.0,0.0,0.0,1
42.048,0.4372620958565478,0.4285465503564924,0.0,0.0,0.0,1
42.08,0.4372620958565478,0.4285465503564924,0.0,0.0,0.0,1
42.112,0.4372620958565478,0.4285465503564924,0.0,0.0,0.0,1
42.144,0.4372620958565478,0.4285465503564924,0.0,0.0,0.0,1
42.176,0.4372620958565478,0.4285465503564924,0.0,0.0,0.0,1
42.208,0.4372620958565478,0.4285465503564924,0.0,0.0,0.0,1
42.24,0.4372620958565478,0.4285465503564924,0.0,0.0,0.0,1
42.272,0.4372620958565478,0.4285465503564924,0.0,0.0,0.0,1
42.304,0.4372620958565478,0.4285465503564924,0.0,0.0,0.0,1
42.336,0.4372620958565478,0.4285465503564924,0.0,0.0,0.0,1
42.368,0.4372620958565478,0.4285465503564924,0.0,0.0,0.0,1
42.4,0.4372620958565478,0.4285465503564924,0.0,0.0,0.0,1
42.432,0.4372620958565478,0.4285465503564924,0.0,0.0,0.0,1
42.464,0.4372620958565478,0.4285465503564924,0.0,0.0,0.0,1
42.496,0.4372620958565478,0.4285465503564924,0.0,0.0,0.0,1
42.528,0.4372620958565478,0.4285465503564924,0.0,0.0,0.0,1
42.56,0.4372620958565478,0.4285465503564924,0.0,0.0,0.0,1
42.592,0.4372620958565478,0.4285465503564924,0.0,0.0,0.0,1
42.624,0.4372620958565478,0.4285465503564924,0.0,0.0,0.0,1
42.656,0.4372620958565478,0.4285465503564924,0.0,0.0,0.0,1
42.688,0.4372620958565478,0.4285465503564924,0.0,0.0,0.0,1
42.72,0.4372620958565478,0.4285465503564924,0.0,0.0,0.0,1
42.752,0.4372620958565478,0.4285465503564924,0.0,0.0,0.0,1
42.784,0.4372620958565478,0.4285465503564924,0.0,0.0,0.0,1
42.816,0.4372620958565478,0.4285465503564924,0.0,0.0,0.0,1
42.848,0.4372620958565478,0.4285465503564924,0.0,0.0,0.0,1
42.88,0.4372620958565478,0.4285465503564924,0.0,0.0,0.0,1
42.912,0.4372620958565478,0.4285465503564924,0.0,0.0,0.0,1
42.944,0.4372620958565478,0.4285465503564924,0.0,0.0,0.0,1
42.976,0.4372620958565478,0.4285465503564924,0.0,0.0,0.0,1
43.008,0.4372620958565478,0.4285465503564924,0.0,0.0,0.0,1
43.04,0.4372620958565478,0.4285465503564924,0.0,0.0,0.0,1
43.072,0.4372620958565478,0.4285465503564924,0.0,0.0,0.0,1
43.104,0.4372620958565478,0.4285465503564924,0.0,0.0,0.0,1
43.136,0.4372620958565478,0.4285465503564924,0.0,0.0,0.0,1
43.168,0.4372620958565478,0.4285465503564924,0.0,0.0,0.0,1
43.2,0.4372620958565478,0.4285465503564924,0.0,0.0,0.0,1
43.232,0.4372620958565478,0.4285465503564924,0.0,0.0,0.0,1
43.264,0.4372620958565478,0.4285465503564924,0.0,0.0,0.0,1
43.296,0.4372620958565478,0.4285465503564924,0.0,0.0,0.0,1
43.328,0.4372620958565478,0.4285465503564924,0.0,0.0,0.0,1
43.36,0.4372620958565478,0.4285465503564924,0.0,0.0,0.0,1
43.392,0.4372620958565478,0.4285465503564924,0.0,0.0,0.0,1
43.424,0.4372620958565478,0.4285465503564924,0.0,0.0,0.0,1
43.456,0.4372620958565478,0.4285465503564924,0.0,0.0,0.0,1
43.488,0.4372620958565478,0.4285465503564924,0.0,0.0,0.0,1
43.52,0.4372620958565478,0.4285465503564924,0.0,0.0,0.0,1
43.552,0.4372620958565478,0.4285465503564924,0.0,0.0,0.0,1
43.584,0.4372620958565478,0.4285465503564924,0.0,0.0,0.0,1
43.616,0.4372620958565478,0.4285465503564924,0.0,0.0,0.0,1
43.648,0.4372620958565478,0.4285465503564924,0.0,0.0,0.0,1
43.68,0.4372620958565478,0.4285465503564924,0.0,0.0,0.0,1
43.712,0.4372620958565478,0.4285465503564924,0.0,0.0,0.0,1
43.744,0.4372620958565478,0.4285465503564924,0.0,0.0,0.0,1
43.776,0.4372620958565478,0.4285465503564924,0.0,0.0,0.0,1
43.808,0.4372620958565478,0.4285465503564924,0.0,0.0,0.0,1
43.84,0.4372620958565478,0.4285465503564924,0.0,0.0,0.0,1
43.872,0.4372620958565478,0.4285465503564924,0.0,0.0,0.0,1
43.904,0.4372620958565478,0.4285465503564924,0.0,0.0,0.0,1
43.936,0.4372620958565478,0.4285465503564924,0.0,0.0,0.0,1
43.968,0.4372620958565478,0.4285465503564924,0.0,0.0,0.0,1
44.0,0.4372620958565478,0.4285465503564924,0.0,0.0,0.0,1
44.032,0.4372620958565478,0.4285465503564924,0.0,0.0,0.0,1
44.064,0.4372620958565478,0.4285465503564924,0.0,0.0,0.0,1
44.096,0.4372620958565478,0.4285465503564924,0.0,0.0,0.0,1
44.128,0.4372620958565478,0.4285465503564924,0.0,0.0,0.0,1
44.16,0.4372620958565478,0.4285465503564924,0.0,0.0,0.0,1
44.192,0.4372620958565478,0.4285465503564924,0.0,0.0,0.0,1
44.224,0.4372620958565478,0.4285465503564924,0.0,0.0,0.0,1
44.256,0.4372620958565478,0.4285465503564924,0.0,0.0,0.0,1
44.288,0.4372620958565478,0.4285465503564924,0.0,0.0,0.0,1
44.32,0.4372620958565478,0.4285465503564924,0.0,0.0,0.0,1
44.352,0.4372620958565478,0.4285465503564924,0.0,0.0,0.0,1
44.384,0.4372620958565478,0.4285465503564924,0.0,0.0,0.0,1
44.416,0.4372620958565478,0.4285465503564924,0.0,0.0,0.0,1
44.448,0.4372620958565478,0.4285465503564924,0.0,0.0,0.0,1
44.48,0.4372620958565478,0.4285465503564924,0.0,0.0,0.0,1
44.512,0.4372620958565478,0.4285465503564924,0.0,0.0,0.0,1
44.544,0.4372620958565478,0.4285465503564924,0.0,0.0,0.0,1
44.576,0.4372620958565478,0.4285465503564924,0.0,0.0,0.0,1
44.608,0.4372620958565478,0.4285465503564924,0.0,0.0,0.0,1
44.64,0.4372620958565478,0.4285465503564924,0.0,0.0,0.0,1
44.672,0.4372620958565478,0.4285465503564924,0.0,0.0,0.0,1
44.704,0.4372620958565478,0.4285465503564924,0.0,0.0,0.0,1
44.736,0.4372620958565478,0.4285465503564924,0.0,0.0,0.0,1
44.768,0.4372620958565478,0.4285465503564924,0.0,0.0,0.0,1
44.8,0.4372620958565478,0.4285465503564924,0.0,0.0,0.0,1
44.832,0.4372620958565478,0.4285465503564924,0.0,0.0,0.0,1
44.864,0.4372620958565478,0.4285465503564924,0.0,0.0,0.0,1
44.896,0.4372620958565478,0.4285465503564924,0.0,0.0,0.0,1
44.928,0.4372620958565478,0.4285465503564924,0.0,0.0,0.0,1
44.96,0.4372620958565478,0.4285465503564924,0.0,0.0,0.0,1
44.992,0.4372620958565478,0.4285465503564924,0.0,0.0,0.0,1
45.024,0.4372620958565478,0.4285465503564924,0.0,0.0,0.0,1
45.056,0.4372620958565478,0.4285465503564924,0.0,0.0,0.0,1
45.088,0.4372620958565478,0.4285465503564924,0.0,0.0,0.0,1
45.12,0.4372620958565478,0.4285465503564924,0.0,0.0,0.0,1
45.152,0.4372620958565478,0.4285465503564924,0.0,0.0,0.0,1
45.184,0.4372620958565478,0.4285465503564924,0.0,0.0,0.0,1
45.216,0.4372620958565478,0.4285465503564924,0.0,0.0,0.0,1
45.248,0.4372620958565478,0.4285465503564924,0.0,0.0,0.0,1
45.28,0.4372620958565478,0.4285465503564924,0.0,0.0,0.0,1
45.312,0.4372620958565478,0.4285465503564924,0.0,0.0,0.0,1
45.344,0.4372620958565478,0.4285465503564924,0.0,0.0,0.0,1
45.376,0.4372620958565478,0.4285465503564924,0.0,0.0,0.0,1
45.408,0.4372620958565478,0.4285465503564924,0.0,0.0,0.0,1
45.44,0.4372620958565478,0.4285465503564924,0.0,0.0,0.0,1
45.472,0.4372620958565478,0.4285465503564924,0.0,0.0,0.0,1
45.504,0.4372620958565478,0.4285465503564924,0.0,0.0,0.0,1
45.536,0.4372620958565478,0.4285465503564924,0.0,0.0,0.0,1
45.568,0.4372620958565478,0.4285465503564924,0.0,0.0,0.0,1
45.6,0.4372620958565478,0.4285465503564924,0.0,0.0,0.0,1
45.632,0.4372620958565478,0.4285465503564924,0.0,0.0,0.0,1
45.664,0.4372620958565478,0.4285465503564924,0.0,0.0,0.0,1
45.696,0.4372620958565478,0.4285465503564924,0.0,0.0,0.0,1
45.728,0.4372620958565478,0.4285465503564924,0.0,0.0,0.0,1
45.76,0.4372620958565478,0.4285465503564924,0.0,0.0,0.0,1
45.792,0.4372620958565478,0.4285465503564924,0.0,0.0,0.0,1
45.824,0.4372620958565478,0.4285465503564924,0.0,0.0,0.0,1
45.856,0.4372620958565478,0.4285465503564924,0.0,0.0,0.0,1
45.888,0.4372620958565478,0.4285465503564924,0.0,0.0,0.0,1
45.92,0.4372620958565478,0.4285465503564924,0.0,0.0,0.0,1
45.952,0.4372620958565478,0.4285465503564924,0.0,0.0,0.0,1
45.984,0.4372620958565478,0.4285465503564924,0.0,0.0,0.0,1
46.016,0.4372620958565478,0.4285465503564924,0.0,0.0,0.0,1
46.048,0.4372620958565478,0.4285465503564924,0.0,0.0,0.0,1
46.08,0.4372620958565478,0.4285465503564924,0.0,0.0,0.0,1
46.112,0.4372620958565478,0.4285465503564924,0.0,0.0,0.0,1
46.144,0.4372620958565478,0.4285465503564924,0.0,0.0,0.0,1
46.176,0.4372620958565478,0.4285465503564924,0.0,0.0,0.0,1
46.208,0.4372620958565478,0.4285465503564924,0.0,0.0,0.0,1
46.24,0.4372620958565478,0.4285465503564924,0.0,0.0,0.0,1
46.272,0.4372620958565478,0.4285465503564924,0.0,0.0,0.0,1
46.304,0.4372620958565478,0.4285465503564924,0.0,0.0,0.0,1
46.336,0.4372620958565478,0.4285465503564924,0.0,0.0,0.0,1
46.368,0.4372620958565478,0.4285465503564924,0.0,0.0,0.0,1
46.4,0.4372620958565478,0.4285465503564924,0.0,0.0,0.0,1
46.432,0.4372620958565478,0.4285465503564924,0.0,0.0,0.0,1
46.464,0.4372620958565478,0.4285465503564924,0.0,0.0,0.0,1
46.496,0.4372620958565478,0.4285465503564924,0.0,0.0,0.0,1
46.528,0.4372620958565478,0.4285465503564924,0.0,0.0,0.0,1
46.56,0.4372620958565478,0.4285465503564924,0.0,0.0,0.0,1
46.592,0.4372620958565478,0.4285465503564924,0.0,0.0,0.0,1
46.624,0.4372620958565478,0.4285465503564924,0.0,0.0,0.0,1
46.656,0.4372620958565478,0.4285465503564924,0.0,0.0,0.0,1
46.688,0.4372620958565478,0.4285465503564924,0.0,0.0,0.0,1
46.72,0.4372620958565478,0.4285465503564924,0.0,0.0,0.0,1
46.752,0.4372620958565478,0.4285465503564924,0.0,0.0,0.0,1
46.784,0.4372620958565478,0.4285465503564924,0.0,0.0,0.0,1
46.816,0.4372620958565478,0.4285465503564924,0.0,0.0,0.0,1
46.848,0.4372620958565478,0.4285465503564924,0.0,0.0,0.0,1
46.88,0.4372620958565478,0.4285465503564924,0.0,0.0,0.0,1
46.912,0.4372620958565478,0.4285465503564924,0.0,0.0,0.0,1
46.944,0.4372620958565478,0.4285465503564924,0.0,0.0,0.0,1
46.976,0.4372620958565478,0.4285465503564924,0.0,0.0,0.0,1
47.008,0.4372620958565478,0.4285465503564924,0.0,0.0,0.0,1
47.04,0.4372620958565478,0.4285465503564924,0.0,0.0,0.0,1
47.072,0.4372620958565478,0.4285465503564924,0.0,0.0,0.0,1
47.104,0.4372620958565478,0.4285465503564924,0.0,0.0,0.0,1
47.136,0.4372620958565478,0.4285465503564924,0.0,0.0,0.0,1
47.168,0.4372620958565478,0.4285465503564924,0.0,0.0,0.0,1
47.2,0.4372620958565478,0.4285465503564924,0.0,0.0,0.0,1
47.232,0.4372620958565478,0.4285465503564924,0.0,0.0,0.0,1
47.264,0.4372620958565478,0.4285465503564924,0.0,0.0,0.0,1
47.296,0.4372620958565478,0.4285465503564924,0.0,0.0,0.0,1
47.328,0.4372620958565478,0.4285465503564924,0.0,0.0,0.0,1
47.36,0.4372620958565478,0.4285465503564924,0.0,0.0,0.0,1
47.392,0.4372620958565478,0.4285465503564924,0.0,0.0,0.0,1
47.424,0.4372620958565478,0.4285465503564924,0.0,0.0,0.0,1
47.456,0.4372620958565478,0.4285465503564924,0.0,0.0,0.0,1
47.488,0.4372620958565478,0.4285465503564924,0.0,0.0,0.0,1
47.52,0.4372620958565478,0.4285465503564924,0.0,0.0,0.0,1
47.552,0.4372620958565478,0.4285465503564924,0.0,0.0,0.0,1
47.584,0.4372620958565478,0.4285465503564924,0.0,0.0,0.0,1
47.616,0.4372620958565478,0.4285465503564924,0.0,0.0,0.0,1
47.648,0.4372620958565478,0.4285465503564924,0.0,0.0,0.0,1
47.68,0.4372620958565478,0.4285465503564924,0.0,0.0,0.0,1
47.712,0.4372620958565478,0.4285465503564924,0.0,0.0,0.0,1
47.744,0.4372620958565478,0.4285465503564924,0.0,0.0,0.0,1
47.776,0.4372620958565478,0.4285465503564924,0.0,0.0,0.0,1
47.808,0.4372620958565478,0.4285465503564924,0.0,0.0,0.0,1
47.84,0.4372620958565478,0.4285465503564924,0.0,0.0,0.0,1
47.872,0.4372620958565478,0.4285465503564924,0.0,0.0,0.0,1
47.904,0.4372620958565478,0.4285465503564924,0.0,0.0,0.0,1
47.936,0.4372620958565478,0.4285465503564924,0.0,0.0,0.0,1
47.968,0.4372620958565478,0.4285465503564924,0.0,0.0,0.0,1
48.0,0.4372620958565478,0.4285465503564924,0.0,0.0,0.0,1
48.032,0.4372620958565478,0.4285465503564924,0.0,0.0,0.0,1
48.064,0.4372620958565478,0.4285465503564924,0.0,0.0,0.0,1
48.096,0.4372620958565478,0.4285465503564924,0.0,0.0,0.0,1
48.128,0.4372620958565478,0.4285465503564924,0.0,0.0,0.0,1
48.16,0.4372620958565478,0.4285465503564924,0.0,0.0,0.0,1
48.192,0.4372620958565478,0.4285465503564924,0.0,0.0,0.0,1
48.224,0.4372620958565478,0.4285465503564924,0.0,0.0,0.0,1
48.256,0.4372620958565478,0.4285465503564924,0.0,0.0,0.0,1
48.288,0.4372620958565478,0.4285465503564924,0.0,0.0,0.0,1
48.32,0.4372620958565478,0.4285465503564924,0.0,0.0,0.0,1
48.352,0.4372620958565478,0.4285465503564924,0.0,0.0,0.0,1
48.384,0.4372620958565478,0.4285465503564924,0.0,0.0,0.0,1
48.416,0.4372620958565478,0.4285465503564924,0.0,0.0,0.0,1
48.448,0.4372620958565478,0.4285465503564924,0.0,0.0,0.0,1
48.48,0.4372620958565478,0.4285465503564924,0.0,0.0,0.0,1
48.512,0.4372620958565478,0.4285465503564924,0.0,0.0,0.0,1
48.544,0.4372620958565478,0.4285465503564924,0.0,0.0,0.0,1
48.576,0.4372620958565478,0.4285465503564924,0.0,0.0,0.0,1
48.608,0.4372620958565478,0.4285465503564924,0.0,0.0,0.0,1
48.64,0.4372620958565478,0.4285465503564924,0.0,0.0,0.0,1
48.672,0.4372620958565478,0.4285465503564924,0.0,0.0,0.0,1
48.704,0.4372620958565478,0.4285465503564924,0.0,0.0,0.0,1
48.736,0.4372620958565478,0.4285465503564924,0.0,0.0,0.0,1
48.768,0.4372620958565478,0.4285465503564924,0.0,0.0,0.0,1
48.8,0.4372620958565478,0.4285465503564924,0.0,0.0,0.0,1
48.832,0.4372620958565478,0.4285465503564924,0.0,0.0,0.0,1
48.864,0.4372620958565478,0.4285465503564924,0.0,0.0,0.0,1
48.896,0.4372620958565478,0.4285465503564924,0.0,0.0,0.0,1
48.928,0.4372620958565478,0.4285465503564924,0.0,0.0,0.0,1
48.96,0.4372620958565478,0.4285465503564924,0.0,0.0,0.0,1
48.992,0.4372620958565478,0.4285465503564924,0.0,0.0,0.0,1
49.024,0.4372620958565478,0.4285465503564924,0.0,0.0,0.0,1
49.056,0.4372620958565478,0.4285465503564924,0.0,0.0,0.0,1
49.088,0.4372620958565478,0.4285465503564924,0.0,0.0,0.0,1
49.12,0.4372620958565478,0.4285465503564924,0.0,0.0,0.0,1
49.152,0.4372620958565478,0.4285465503564924,0.0,0.0,0.0,1
49.184,0.4372620958565478,0.4285465503564924,0.0,0.0,0.0,1
49.216,0.4372620958565478,0.4285465503564924,0.0,0.0,0.0,1
49.248,0.4372620958565478,0.4285465503564924,0.0,0.0,0.0,1
49.28,0.4372620958565478,0.4285465503564924,0.0,0.0,0.0,1
49.312,0.4372620958565478,0.4285465503564924,0.0,0.0,0.0,1
49.344,0.4372620958565478,0.4285465503564924,0.0,0.0,0.0,1
49.376,0.4372620958565478,0.4285465503564924,0.0,0.0,0.0,1
49.408,0.4372620958565478,0.4285465503564924,0.0,0.0,0.0,1
49.44,0.4372620958565478,0.4285465503564924,0.0,0.0,0.0,1
49.472,0.4372620958565478,0.4285465503564924,0.0,0.0,0.0,1
49.504,0.4372620958565478,0.4285465503564924,0.0,0.0,0.0,1
49.536,0.4372620958565478,0.4285465503564924,0.0,0.0,0.0,1
49.568,0.4372620958565478,0.4285465503564924,0.0,0.0,0.0,1
49.6,0.4372620958565478,0.4285465503564924,0.0,0.0,0.0,1
49.632,0.4372620958565478,0.4285465503564924,0.0,0.0,0.0,1
49.664,0.4372620958565478,0.4285465503564924,0.0,0.0,0.0,1
49.696,0.4372620958565478,0.4285465503564924,0.0,0.0,0.0,1
49.728,0.4372620958565478,0.4285465503564924,0.0,0.0,0.0,1
49.76,0.4372620958565478,0.4285465503564924,0.0,0.0,0.0,1
49.792,0.4372620958565478,0.4285465503564924,0.0,0.0,0.0,1
49.824,0.4372620958565478,0.4285465503564924,0.0,0.0,0.0,1
49.856,0.4372620958565478,0.4285465503564924,0.0,0.0,0.0,1
49.888,0.4372620958565478,0.4285465503564924,0.0,0.0,0.0,1
49.92,0.4372620958565478,0.4285465503564924,0.0,0.0,0.0,1
49.952,0.4372620958565478,0.4285465503564924,0.0,0.0,0.0,1
49.984,0.4372620958565478,0.4285465503564924,0.0,0.0,0.0,1
50.016,0.4372620958565478,0.4285465503564924,0.0,0.0,0.0,1
50.048,0.4372620958565478,0.4285465503564924,0.0,0.0,0.0,1
50.08,0.4372620958565478,0.4285465503564924,0.0,0.0,0.0,1
50.112,0.4372620958565478,0.4285465503564924,0.0,0.0,0.0,1
50.144,0.4372620958565478,0.4285465503564924,0.0,0.0,0.0,1
50.176,0.4372620958565478,0.4285465503564924,0.0,0.0,0.0,1
50.208,0.4372620958565478,0.4285465503564924,0.0,0.0,0.0,1
50.24,0.4372620958565478,0.4285465503564924,0.0,0.0,0.0,1
50.272,0.4372620958565478,0.4285465503564924,0.0,0.0,0.0,1
50.304,0.4372620958565478,0.4285465503564924,0.0,0.0,0.0,1
50.336,0.4372620958565478,0.4285465503564924,0.0,0.0,0.0,1
50.368,0.4372620958565478,0.4285465503564924,0.0,0.0,0.0,1
50.4,0.4372620958565478,0.4285465503564924,0.0,0.0,0.0,1
50.432,0.4372620958565478,0.4285465503564924,0.0,0.0,0.0,1
50.464,0.4372620958565478,0.4285465503564924,0.0,0.0,0.0,1
50.496,0.4372620958565478,0.4285465503564924,0.0,0.0,0.0,1
50.528,0.4372620958565478,0.4285465503564924,0.0,0.0,0.0,1
50.56,0.4372620958565478,0.4285465503564924,0.0,0.0,0.0,1
50.592,0.4372620958565478,0.4285465503564924,0.0,0.0,0.0,1
50.624,0.4372620958565478,0.4285465503564924,0.0,0.0,0.0,1
50.656,0.4372620958565478,0.4285465503564924,0.0,0.0,0.0,1
50.688,0.4372620958565478,0.4285465503564924,0.0,0.0,0.0,1
50.72,0.4372620958565478,0.4285465503564924,0.0,0.0,0.0,1
50.752,0.4372620958565478,0.4285465503564924,0.0,0.0,0.0,1
50.784,0.4372620958565478,0.4285465503564924,0.0,0.0,0.0,1
50.816,0.4372620958565478,0.4285465503564924,0.0,0.0,0.0,1
50.848,0.4372620958565478,0.4285465503564924,0.0,0.0,0.0,1
50.88,0.4372620958565478,0.4285465503564924,0.0,0.0,0.0,1
50.912,0.4372620958565478,0.4285465503564924,0.0,0.0,0.0,1
50.944,0.4372620958565478,0.4285465503564924,0.0,0.0,0.0,1
50.976,0.4372620958565478,0.4285465503564924,0.0,0.0,0.0,1
51.008,0.4372620958565478,0.4285465503564924,0.0,0.0,0.0,1
51.04,0.4372620958565478,0.4285465503564924,0.0,0.0,0.0,1
51.072,0.4372620958565478,0.4285465503564924,0.0,0.0,0.0,1
51.104,0.4372620958565478,0.4285465503564924,0.0,0.0,0.0,1
51.136,0.4372620958565478,0.4285465503564924,0.0,0.0,0.0,1
51.168,0.4372620958565478,0.4285465503564924,0.0,0.0,0.0,1
51.2,0.4372620958565478,0.4285465503564924,0.0,0.0,0.0,1
51.232,0.4372620958565478,0.4285465503564924,0.0,0.0,0.0,1
51.264,0.4372620958565478,0.4285465503564924,0.0,0.0,0.0,1
51.296,0.4372620958565478,0.4285465503564924,0.0,0.0,0.0,1
51.328,0.4372620958565478,0.4285465503564924,0.0,0.0,0.0,1
51.36,0.4372620958565478,0.4285465503564924,0.0,0.0,0.0,1
51.392,0.4372620958565478,0.4285465503564924,0.0,0.0,0.0,1
51.424,0.4372620958565478,0.4285465503564924,0.0,0.0,0.0,1
51.456,0.4372620958565478,0.4285465503564924,0.0,0.0,0.0,1
51.488,0.4372620958565478,0.4285465503564924,0.0,0.0,0.0,1
51.52,0.4372620958565478,0.4285465503564924,0.0,0.0,0.0,1
51.552,0.4372620958565478,0.4285465503564924,0.0,0.0,0.0,1
51.584,0.4372620958565478,0.4285465503564924,0.0,0.0,0.0,1
51.616,0.4372620958565478,0.4285465503564924,0.0,0.0,0.0,1
51.648,0.4372620958565478,0.4285465503564924,0.0,0.0,0.0,1
51.68,0.4372620958565478,0.4285465503564924,0.0,0.0,0.0,1
51.712,0.4372620958565478,0.4285465503564924,0.0,0.0,0.0,1
51.744,0.4372620958565478,0.4285465503564924,0.0,0.0,0.0,1
51.776,0.4372620958565478,0.4285465503564924,0.0,0.0,0.0,1
51.808,0.4372620958565478,0.4285465503564924,0.0,0.0,0.0,1
51.84,0.4372620958565478,0.4285465503564924,0.0,0.0,0.0,1
51.872,0.4372620958565478,0.4285465503564924,0.0,0.0,0.0,1
51.904,0.4372620958565478,0.4285465503564924,0.0,0.0,0.0,1
51.936,0.4372620958565478,0.4285465503564924,0.0,0.0,0.0,1
51.968,0.4372620958565478,0.4285465503564924,0.0,0.0,0.0,1
52.0,0.4372620958565478,0.4285465503564924,0.0,0.0,0.0,1
52.032,0.4372620958565478,0.4285465503564924,0.0,0.0,0.0,1
52.064,0.4372620958565478,0.4285465503564924,0.0,0.0,0.0,1
52.096,0.4372620958565478,0.4285465503564924,0.0,0.0,0.0,1
52.128,0.4372620958565478,0.4285465503564924,0.0,0.0,0.0,1
52.16,0.4372620958565478,0.4285465503564924,0.0,0.0,0.0,1
52.192,0.4372620958565478,0.4285465503564924,0.0,0.0,0.0,1
52.224,0.4372620958565478,0.4285465503564924,0.0,0.0,0.0,1
52.256,0.4372620958565478,0.4285465503564924,0.0,0.0,0.0,1
52.288,0.4372620958565478,0.4285465503564924,0.0,0.0,0.0,1
52.32,0.4372620958565478,0.4285465503564924,0.0,0.0,0.0,1
52.352,0.4372620958565478,0.4285465503564924,0.0,0.0,0.0,1
52.384,0.4372620958565478,0.4285465503564924,0.0,0.0,0.0,1
52.416,0.4372620958565478,0.4285465503564924,0.0,0.0,0.0,1
52.448,0.4372620958565478,0.4285465503564924,0.0,0.0,0.0,1
52.48,0.4372620958565478,0.4285465503564924,0.0,0.0,0.0,1
52.512,0.4372620958565478,0.4285465503564924,0.0,0.0,0.0,1
52.544,0.4372620958565478,0.4285465503564924,0.0,0.0,0.0,1
52.576,0.4372620958565478,0.4285465503564924,0.0,0.0,0.0,1
52.608,0.4372620958565478,0.4285465503564924,0.0,0.0,0.0,1
52.64,0.4372620958565478,0.4285465503564924,0.0,0.0,0.0,1
52.672,0.4372620958565478,0.4285465503564924,0.0,0.0,0.0,1
52.704,0.4372620958565478,0.4285465503564924,0.0,0.0,0.0,1
52.736,0.4372620958565478,0.4285465503564924,0.0,0.0,0.0,1
52.768,0.4372620958565478,0.4285465503564924,0.0,0.0,0.0,1
52.8,0.4372620958565478,0.4285465503564924,0.0,0.0,0.0,1
52.832,0.4372620958565478,0.4285465503564924,0.0,0.0,0.0,1
52.864,0.4372620958565478,0.4285465503564924,0.0,0.0,0.0,1
52.896,0.4372620958565478,0.4285465503564924,0.0,0.0,0.0,1
52.928,0.4372620958565478,0.4285465503564924,0.0,0.0,0.0,1
52.96,0.4372620958565478,0.4285465503564924,0.0,0.0,0.0,1
52.992,0.4372620958565478,0.4285465503564924,0.0,0.0,0.0,1
53.024,0.4372620958565478,0.4285465503564924,0.0,0.0,0.0,1
53.056,0.4372620958565478,0.4285465503564924,0.0,0.0,0.0,1
53.088,0.4372620958565478,0.4285465503564924,0.0,0.0,0.0,1
53.12,0.4372620958565478,0.4285465503564924,0.0,0.0,0.0,1
53.152,0.4372620958565478,0.4285465503564924,0.0,0.0,0.0,1
53.184,0.4372620958565478,0.4285465503564924,0.0,0.0,0.0,1
53.216,0.4372620958565478,0.4285465503564924,0.0,0.0,0.0,1
53.248,0.4372620958565478,0.4285465503564924,0.0,0.0,0.0,1
53.28,0.4372620958565478,0.4285465503564924,0.0,0.0,0.0,1
53.312,0.4372620958565478,0.4285465503564924,0.0,0.0,0.0,1
53.344,0.4372620958565478,0.4285465503564924,0.0,0.0,0.0,1
53.376,0.4372620958565478,0.4285465503564924,0.0,0.0,0.0,1
53.408,0.4372620958565478,0.4285465503564924,0.0,0.0,0.0,1
53.44,0.4372620958565478,0.4285465503564924,0.0,0.0,0.0,1
53.472,0.4372620958565478,0.4285465503564924,0.0,0.0,0.0,1
53.504,0.4372620958565478,0.4285465503564924,0.0,0.0,0.0,1
53.536,0.4372620958565478,0.4285465503564924,0.0,0.0,0.0,1
53.568,0.4372620958565478,0.4285465503564924,0.0,0.0,0.0,1
53.6,0.4372620958565478,0.4285465503564924,0.0,0.0,0.0,1
53.632,0.4372620958565478,0.4285465503564924,0.0,0.0,0.0,1
53.664,0.4372620958565478,0.4285465503564924,0.0,0.0,0.0,1
53.696,0.4372620958565478,0.4285465503564924,0.0,0.0,0.0,1
53.728,0.4372620958565478,0.4285465503564924,0.0,0.0,0.0,1
53.76,0.4372620958565478,0.4285465503564924,0.0,0.0,0.0,1
53.792,0.4372620958565478,0.4285465503564924,0.0,0.0,0.0,1
53.824,0.4372620958565478,0.4285465503564924,0.0,0.0,0.0,1
53.856,0.4372620958565478,0.4285465503564924,0.0,0.0,0.0,1
53.888,0.4372620958565478,0.4285465503564924,0.0,0.0,0.0,1
53.92,0.4372620958565478,0.4285465503564924,0.0,0.0,0.0,1
53.952,0.4372620958565478,0.4285465503564924,0.0,0.0,0.0,1
53.984,0.4372620958565478,0.4285465503564924,0.0,0.0,0.0,1
54.016,0.4372620958565478,0.4285465503564924,0.0,0.0,0.0,1
54.048,0.4372620958565478,0.4285465503564924,0.0,0.0,0.0,1
54.08,0.4372620958565478,0.4285465503564924,0.0,0.0,0.0,1
54.112,0.4372620958565478,0.4285465503564924,0.0,0.0,0.0,1
54.144,0.4372620958565478,0.4285465503564924,0.0,0.0,0.0,1
54.176,0.4372620958565478,0.4285465503564924,0.0,0.0,0.0,1
54.208,0.4372620958565478,0.4285465503564924,0.0,0.0,0.0,1
54.24,0.4372620958565478,0.4285465503564924,0.0,0.0,0.0,1
54.272,0.4372620958565478,0.4285465503564924,0.0,0.0,0.0,1
54.304,0.4372620958565478,0.4285465503564924,0.0,0.0,0.0,1
54.336,0.4372620958565478,0.4285465503564924,0.0,0.0,0.0,1
54.368,0.4372620958565478,0.4285465503564924,0.0,0.0,0.0,1
54.4,0.4372620958565478,0.4285465503564924,0.0,0.0,0.0,1
54.432,0.4372620958565478,0.4285465503564924,0.0,0.0,0.0,1
54.464,0.4372620958565478,0.4285465503564924,0.0,0.0,0.0,1
54.496,0.4372620958565478,0.4285465503564924,0.0,0.0,0.0,1
54.528,0.4372620958565478,0.4285465503564924,0.0,0.0,0.0,1
54.56,0.4372620958565478,0.4285465503564924,0.0,0.0,0.0,1
54.592,0.4372620958565478,0.4285465503564924,0.0,0.0,0.0,1
54.624,0.4372620958565478,0.4285465503564924,0.0,0.0,0.0,1
54.656,0.4372620958565478,0.4285465503564924,0.0,0.0,0.0,1
54.688,0.4372620958565478,0.4285465503564924,0.0,0.0,0.0,1
54.72,0.4372620958565478,0.4285465503564924,0.0,0.0,0.0,1
54.752,0.4372620958565478,0.4285465503564924,0.0,0.0,0.0,1
54.784,0.4372620958565478,0.4285465503564924,0.0,0.0,0.0,1
54.816,0.4372620958565478,0.4285465503564924,0.0,0.0,0.0,1
54.848,0.4372620958565478,0.4285465503564924,0.0,0.0,0.0,1
54.88,0.4372620958565478,0.4285465503564924,0.0,0.0,0.0,1
54.912,0.4372620958565478,0.4285465503564924,0.0,0.0,0.0,1
54.944,0.4372620958565478,0.4285465503564924,0.0,0.0,0.0,1
54.976,0.4372620958565478,0.4285465503564924,0.0,0.0,0.0,1
55.008,0.4372620958565478,0.4285465503564924,0.0,0.0,0.0,1
55.04,0.4372620958565478,0.4285465503564924,0.0,0.0,0.0,1
55.072,0.4372620958565478,0.4285465503564924,0.0,0.0,0.0,1
55.104,0.4372620958565478,0.4285465503564924,0.0,0.0,0.0,1
55.136,0.4372620958565478,0.4285465503564924,0.0,0.0,0.0,1
55.168,0.4372620958565478,0.4285465503564924,0.0,0.0,0.0,1
55.2,0.4372620958565478,0.4285465503564924,0.0,0.0,0.0,1
55.232,0.4372620958565478,0.4285465503564924,0.0,0.0,0.0,1
55.264,0.4372620958565478,0.4285465503564924,0.0,0.0,0.0,1
55.296,0.4372620958565478,0.4285465503564924,0.0,0.0,0.0,1
55.328,0.4372620958565478,0.4285465503564924,0.0,0.0,0.0,1
55.36,0.4372620958565478,0.4285465503564924,0.0,0.0,0.0,1
55.392,0.4372620958565478,0.4285465503564924,0.0,0.0,0.0,1
55.424,0.4372620958565478,0.4285465503564924,0.0,0.0,0.0,1
55.456,0.4372620958565478,0.4285465503564924,0.0,0.0,0.0,1
55.488,0.4372620958565478,0.4285465503564924,0.0,0.0,0.0,1
55.52,0.4372620958565478,0.4285465503564924,0.0,0.0,0.0,1
55.552,0.4372620958565478,0.4285465503564924,0.0,0.0,0.0,1
55.584,0.4372620958565478,0.4285465503564924,0.0,0.0,0.0,1
55.616,0.4372620958565478,0.4285465503564924,0.0,0.0,0.0,1
55.648,0.4372620958565478,0.4285465503564924,0.0,0.0,0.0,1
55.68,0.4372620958565478,0.4285465503564924,0.0,0.0,0.0,1
55.712,0.4372620958565478,0.4285465503564924,0.0,0.0,0.0,1
55.744,0.4372620958565478,0.4285465503564924,0.0,0.0,0.0,1
55.776,0.4372620958565478,0.4285465503564924,0.0,0.0,0.0,1
55.808,0.4372620958565478,0.4285465503564924,0.0,0.0,0.0,1
55.84,0.4372620958565478,0.4285465503564924,0.0,0.0,0.0,1
55.872,0.4372620958565478,0.4285465503564924,0.0,0.0,0.0,1
55.904,0.4372620958565478,0.4285465503564924,0.0,0.0,0.0,1
55.936,0.4372620958565478,0.4285465503564924,0.0,0.0,0.0,1
55.968,0.4372620958565478,0.4285465503564924,0.0,0.0,0.0,1
56.0,0.4372620958565478,0.4285465503564924,0.0,0.0,0.0,1
56.032,0.4372620958565478,0.4285465503564924,0.0,0.0,0.0,1
56.064,0.4372620958565478,0.4285465503564924,0.0,0.0,0.0,1
56.096,0.4372620958565478,0.4285465503564924,0.0,0.0,0.0,1
56.128,0.4372620958565478,0.4285465503564924,0.0,0.0,0.0,1
56.16,0.4372620958565478,0.4285465503564924,0.0,0.0,0.0,1
56.192,0.4372620958565478,0.4285465503564924,0.0,0.0,0.0,1
56.224,0.4372620958565478,0.4285465503564924,0.0,0.0,0.0,1
56.256,0.4372620958565478,0.4285465503564924,0.0,0.0,0.0,1
56.288,0.4372620958565478,0.4285465503564924,0.0,0.0,0.0,1
56.32,0.4372620958565478,0.4285465503564924,0.0,0.0,0.0,1
56.352,0.4372620958565478,0.4285465503564924,0.0,0.0,0.0,1
56.384,0.4372620958565478,0.4285465503564924,0.0,0.0,0.0,1
56.416,0.4372620958565478,0.4285465503564924,0.0,0.0,0.0,1
56.448,0.4372620958565478,0.4285465503564924,0.0,0.0,0.0,1
56.48,0.4372620958565478,0.4285465503564924,0.0,0.0,0.0,1
56.512,0.4372620958565478,0.4285465503564924,0.0,0.0,0.0,1
56.544,0.4372620958565478,0.4285465503564924,0.0,0.0,0.0,1
56.576,0.4372620958565478,0.4285465503564924,0.0,0.0,0.0,1
56.608,0.4372620958565478,0.4285465503564924,0.0,0.0,0.0,1
56.64,0.4372620958565478,0.4285465503564924,0.0,0.0,0.0,1
56.672,0.4372620958565478,0.4285465503564924,0.0,0.0,0.0,1
56.704,0.4372620958565478,0.4285465503564924,0.0,0.0,0.0,1
56.736,0.4372620958565478,0.4285465503564924,0.0,0.0,0.0,1
56.768,0.4372620958565478,0.4285465503564924,0.0,0.0,0.0,1
56.8,0.4372620958565478,0.4285465503564924,0.0,0.0,0.0,1
56.832,0.4372620958565478,0.4285465503564924,0.0,0.0,0.0,1
56.864,0.4372620958565478,0.4285465503564924,0.0,0.0,0.0,1
56.896,0.4372620958565478,0.4285465503564924,0.0,0.0,0.0,1
56.928,0.4372620958565478,0.4285465503564924,0.0,0.0,0.0,1
56.96,0.4372620958565478,0.4285465503564924,0.0,0.0,0.0,1
56.992,0.4372620958565478,0.4285465503564924,0.0,0.0,0.0,1
57.024,0.4372620958565478,0.4285465503564924,0.0,0.0,0.0,1
57.056,0.4372620958565478,0.4285465503564924,0.0,0.0,0.0,1
57.088,0.4372620958565478,0.4285465503564924,0.0,0.0,0.0,1
57.12,0.4372620958565478,0.4285465503564924,0.0,0.0,0.0,1
57.152,0.4372620958565478,0.4285465503564924,0.0,0.0,0.0,1
57.184,0.4372620958565478,0.4285465503564924,0.0,0.0,0.0,1
57.216,0.4372620958565478,0.4285465503564924,0.0,0.0,0.0,1
57.248,0.4372620958565478,0.4285465503564924,0.0,0.0,0.0,1
57.28,0.4372620958565478,0.4285465503564924,0.0,0.0,0.0,1
57.312,0.4372620958565478,0.4285465503564924,0.0,0.0,0.0,1
57.344,0.4372620958565478,0.4285465503564924,0.0,0.0,0.0,1
57.376,0.4372620958565478,0.4285465503564924,0.0,0.0,0.0,1
57.408,0.4372620958565478,0.4285465503564924,0.0,0.0,0.0,1
57.44,0.4372620958565478,0.4285465503564924,0.0,0.0,0.0,1
57.472,0.4372620958565478,0.4285465503564924,0.0,0.0,0.0,1
57.504,0.4372620958565478,0.4285465503564924,0.0,0.0,0.0,1
57.536,0.4372620958565478,0.4285465503564924,0.0,0.0,0.0,1
57.568,0.4372620958565478,0.4285465503564924,0.0,0.0,0.0,1
57.6,0.4372620958565478,0.4285465503564924,0.0,0.0,0.0,1
57.632,0.4372620958565478,0.4285465503564924,0.0,0.0,0.0,1
57.664,0.4372620958565478,0.4285465503564924,0.0,0.0,0.0,1
57.696,0.4372620958565478,0.4285465503564924,0.0,0.0,0.0,1
57.728,0.4372620958565478,0.4285465503564924,0.0,0.0,0.0,1
57.76,0.4372620958565478,0.4285465503564924,0.0,0.0,0.0,1
57.792,0.4372620958565478,0.4285465503564924,0.0,0.0,0.0,1
57.824,0.4372620958565478,0.4285465503564924,0.0,0.0,0.0,1
57.856,0.4372620958565478,0.4285465503564924,0.0,0.0,0.0,1
57.888,0.4372620958565478,0.4285465503564924,0.0,0.0,0.0,1
57.92,0.4372620958565478,0.4285465503564924,0.0,0.0,0.0,1
57.952,0.4372620958565478,0.4285465503564924,0.0,0.0,0.0,1
57.984,0.4372620958565478,0.4285465503564924,0.0,0.0,0.0,1
58.016,0.4372620958565478,0.4285465503564924,0.0,0.0,0.0,1
58.048,0.4372620958565478,0.4285465503564924,0.0,0.0,0.0,1
58.08,0.4372620958565478,0.4285465503564924,0.0,0.0,0.0,1
58.112,0.4372620958565478,0.4285465503564924,0.0,0.0,0.0,1
58.144,0.4372620958565478,0.4285465503564924,0.0,0.0,0.0,1
58.176,0.4372620958565478,0.4285465503564924,0.0,0.0,0.0,1
58.208,0.4372620958565478,0.4285465503564924,0.0,0.0,0.0,1
58.24,0.4372620958565478,0.4285465503564924,0.0,0.0,0.0,1
58.272,0.4372620958565478,0.4285465503564924,0.0,0.0,0.0,1
58.304,0.4372620958565478,0.4285465503564924,0.0,0.0,0.0,1
58.336,0.4372620958565478,0.4285465503564924,0.0,0.0,0.0,1
58.368,0.4372620958565478,0.4285465503564924,0.0,0.0,0.0,1
58.4,0.4372620958565478,0.4285465503564924,0.0,0.0,0.0,1
58.432,0.4372620958565478,0.4285465503564924,0.0,0.0,0.0,1
58.464,0.4372620958565478,0.4285465503564924,0.0,0.0,0.0,1
58.496,0.4372620958565478,0.4285465503564924,0.0,0.0,0.0,1
58.528,0.4372620958565478,0.4285465503564924,0.0,0.0,0.0,1
58.56,0.4372620958565478,0.4285465503564924,0.0,0.0,0.0,1
58.592,0.4372620958565478,0.4285465503564924,0.0,0.0,0.0,1
58.624,0.4372620958565478,0.4285465503564924,0.0,0.0,0.0,1
58.656,0.4372620958565478,0.4285465503564924,0.0,0.0,0.0,1
58.688,0.4372620958565478,0.4285465503564924,0.0,0.0,0.0,1
58.72,0.4372620958565478,0.4285465503564924,0.0,0.0,0.0,1
58.752,0.4372620958565478,0.4285465503564924,0.0,0.0,0.0,1
58.784,0.4372620958565478,0.4285465503564924,0.0,0.0,0.0,1
58.816,0.4372620958565478,0.4285465503564924,0.0,0.0,0.0,1
58.848,0.4372620958565478,0.4285465503564924,0.0,0.0,0.0,1
58.88,0.4372620958565478,0.4285465503564924,0.0,0.0,0.0,1
58.912,0.4372620958565478,0.4285465503564924,0.0,0.0,0.0,1
58.944,0.4372620958565478,0.4285465503564924,0.0,0.0,0.0,1
58.976,0.4372620958565478,0.4285465503564924,0.0,0.0,0.0,1
59.008,0.4372620958565478,0.4285465503564924,0.0,0.0,0.0,1
59.04,0.4372620958565478,0.4285465503564924,0.0,0.0,0.0,1
59.072,0.4372620958565478,0.4285465503564924,0.0,0.0,0.0,1
59.104,0.4372620958565478,0.4285465503564924,0.0,0.0,0.0,1
59.136,0.4372620958565478,0.4285465503564924,0.0,0.0,0.0,1
59.168,0.4372620958565478,0.4285465503564924,0.0,0.0,0.0,1
59.2,0.4372620958565478,0.4285465503564924,0.0,0.0,0.0,1
59.232,0.4372620958565478,0.4285465503564924,0.0,0.0,0.0,1
59.264,0.4372620958565478,0.4285465503564924,0.0,0.0,0.0,1
59.296,0.4372620958565478,0.4285465503564924,0.0,0.0,0.0,1
59.328,0.4372620958565478,0.4285465503564924,0.0,0.0,0.0,1
59.36,0.4372620958565478,0.4285465503564924,0.0,0.0,0.0,1
59.392,0.4372620958565478,0.4285465503564924,0.0,0.0,0.0,1
59.424,0.4372620958565478,0.4285465503564924,0.0,0.0,0.0,1
59.456,0.4372620958565478,0.4285465503564924,0.0,0.0,0.0,1
59.488,0.4372620958565478,0.4285465503564924,0.0,0.0,0.0,1
59.52,0.4372620958565478,0.4285465503564924,0.0,0.0,0.0,1
59.552,0.4372620958565478,0.4285465503564924,0.0,0.0,0.0,1
59.584,0.4372620958565478,0.4285465503564924,0.0,0.0,0.0,1
59.616,0.4372620958565478,0.4285465503564924,0.0,0.0,0.0,1
59.648,0.4372620958565478,0.4285465503564924,0.0,0.0,0.0,1
59.68,0.4372620958565478,0.4285465503564924,0.0,0.0,0.0,1
59.712,0.4372620958565478,0.4285465503564924,0.0,0.0,0.0,1
59.744,0.4372620958565478,0.4285465503564924,0.0,0.0,0.0,1
59.776,0.4372620958565478,0.4285465503564924,0.0,0.0,0.0,1
59.808,0.4372620958565478,0.4285465503564924,0.0,0.0,0.0,1
59.84,0.4372620958565478,0.4285465503564924,0.0,0.0,0.0,1
59.872,0.4372620958565478,0.4285465503564924,0.0,0.0,0.0,1
59.904,0.4372620958565478,0.4285465503564924,0.0,0.0,0.0,1
59.936,0.4372620958565478,0.4285465503564924,0.0,0.0,0.0,1
59.968,0.4372620958565478,0.4285465503564924,0.0,0.0,0.0,1
60.0,0.4372620958565478,0.4285465503564924,0.0,0.0,0.0,1
60.032,0.4372620958565478,0.4285465503564924,0.0,0.0,0.0,1
60.064,0.4372620958565478,0.4285465503564924,0.0,0.0,0.0,1
60.096,0.4372620958565478,0.4285465503564924,0.0,0.0,0.0,1
60.128,0.4372620958565478,0.4285465503564924,0.0,0.0,0.0,1
60.16,0.4372620958565478,0.4285465503564924,0.0,0.0,0.0,1
60.192,0.4372620958565478,0.4285465503564924,0.0,0.0,0.0,1
60.224,0.4372620958565478,0.4285465503564924,0.0,0.0,0.0,1
60.256,0.4372620958565478,0.4285465503564924,0.0,0.0,0.0,1
60.288,0.4372620958565478,0.4285465503564924,0.0,0.0,0.0,1
60.32,0.4372620958565478,0.4285465503564924,0.0,0.0,0.0,1
60.352,0.4372620958565478,0.4285465503564924,0.0,0.0,0.0,1
60.384,0.4372620958565478,0.4285465503564924,0.0,0.0,0.0,1
60.416,0.4372620958565478,0.4285465503564924,0.0,0.0,0.0,1
60.448,0.4372620958565478,0.4285465503564924,0.0,0.0,0.0,1
60.48,0.4372620958565478,0.4285465503564924,0.0,0.0,0.0,1
60.512,0.4372620958565478,0.4285465503564924,0.0,0.0,0.0,1
60.544,0.4372620958565478,0.4285465503564924,0.0,0.0,0.0,1
60.576,0.4372620958565478,0.4285465503564924,0.0,0.0,0.0,1
60.608,0.4372620958565478,0.4285465503564924,0.0,0.0,0.0,1
60.64,0.4372620958565478,0.4285465503564924,0.0,0.0,0.0,1
60.672,0.4372620958565478,0.4285465503564924,0.0,0.0,0.0,1
60.704,0.4372620958565478,0.4285465503564924,0.0,0.0,0.0,1
60.736,0.4372620958565478,0.4285465503564924,0.0,0.0,0.0,1
60.768,0.4372620958565478,0.4285465503564924,0.0,0.0,0.0,1
60.8,0.4372620958565478,0.4285465503564924,0.0,0.0,0.0,1
60.832,0.4372620958565478,0.4285465503564924,0.0,0.0,0.0,1
60.864,0.4372620958565478,0.4285465503564924,0.0,0.0,0.0,1
60.896,0.4372620958565478,0.4285465503564924,0.0,0.0,0.0,1
60.928,0.4372620958565478,0.4285465503564924,0.0,0.0,0.0,1
60.96,0.4372620958565478,0.4285465503564924,0.0,0.0,0.0,1
60.992,0.4372620958565478,0.4285465503564924,0.0,0.0,0.0,1
61.024,0.4372620958565478,0.4285465503564924,0.0,0.0,0.0,1
61.056,0.4372620958565478,0.4285465503564924,0.0,0.0,0.0,1
61.088,0.4372620958565478,0.4285465503564924,0.0,0.0,0.0,1
61.12,0.4372620958565478,0.4285465503564924,0.0,0.0,0.0,1
61.152,0.4372620958565478,0.4285465503564924,0.0,0.0,0.0,1
61.184,0.4372620958565478,0.4285465503564924,0.0,0.0,0.0,1
61.216,0.4372620958565478,0.4285465503564924,0.0,0.0,0.0,1
61.248,0.4372620958565478,0.4285465503564924,0.0,0.0,0.0,1
61.28,0.4372620958565478,0.4285465503564924,0.0,0.0,0.0,1
61.312,0.4372620958565478,0.4285465503564924,0.0,0.0,0.0,1
61.344,0.4372620958565478,0.4285465503564924,0.0,0.0,0.0,1
61.376,0.4372620958565478,0.4285465503564924,0.0,0.0,0.0,1
61.408,0.4372620958565478,0.4285465503564924,0.0,0.0,0.0,1
61.44,0.4372620958565478,0.4285465503564924,0.0,0.0,0.0,1
61.472,0.4372620958565478,0.4285465503564924,0.0,0.0,0.0,1
61.504,0.4372620958565478,0.4285465503564924,0.0,0.0,0.0,1
61.536,0.4372620958565478,0.4285465503564924,0.0,0.0,0.0,1
61.568,0.4372620958565478,0.4285465503564924,0.0,0.0,0.0,1
61.6,0.4372620958565478,0.4285465503564924,0.0,0.0,0.0,1
61.632,0.4372620958565478,0.4285465503564924,0.0,0.0,0.0,1
61.664,0.4372620958565478,0.4285465503564924,0.0,0.0,0.0,1
61.696,0.4372620958565478,0.4285465503564924,0.0,0.0,0.0,1
61.728,0.4372620958565478,0.4285465503564924,0.0,0.0,0.0,1
61.76,0.4372620958565478,0.4285465503564924,0.0,0.0,0.0,1
61.792,0.4372620958565478,0.4285465503564924,0.0,0.0,0.0,1
61.824,0.4372620958565478,0.4285465503564924,0.0,0.0,0.0,1
61.856,0.4372620958565478,0.4285465503564924,0.0,0.0,0.0,1
61.888,0.4372620958565478,0.4285465503564924,0.0,0.0,0.0,1
61.92,0.4372620958565478,0.4285465503564924,0.0,0.0,0.0,1
61.952,0.4372620958565478,0.4285465503564924,0.0,0.0,0.0,1
61.984,0.4372620958565478,0.4285465503564924,0.0,0.0,0.0,1
62.016,0.4372620958565478,0.4285465503564924,0.0,0.0,0.0,1
62.048,0.4372620958565478,0.4285465503564924,0.0,0.0,0.0,1
62.08,0.4372620958565478,0.4285465503564924,0.0,0.0,0.0,1
62.112,0.4372620958565478,0.4285465503564924,0.0,0.0,0.0,1
62.144,0.4372620958565478,0.4285465503564924,0.0,0.0,0.0,1
62.176,0.4372620958565478,0.4285465503564924,0.0,0.0,0.0,1
62.208,0.4372620958565478,0.4285465503564924,0.0,0.0,0.0,1
62.24,0.4372620958565478,0.4285465503564924,0.0,0.0,0.0,1
62.272,0.4372620958565478,0.4285465503564924,0.0,0.0,0.0,1
62.304,0.4372620958565478,0.4285465503564924,0.0,0.0,0.0,1
62.336,0.4372620958565478,0.4285465503564924,0.0,0.0,0.0,1
62.368,0.4372620958565478,0.4285465503564924,0.0,0.0,0.0,1
62.4,0.4372620958565478,0.4285465503564924,0.0,0.0,0.0,1
62.432,0.4372620958565478,0.4285465503564924,0.0,0.0,0.0,1
62.464,0.4372620958565478,0.4285465503564924,0.0,0.0,0.0,1
62.496,0.4372620958565478,0.4285465503564924,0.0,0.0,0.0,1
62.528,0.4372620958565478,0.4285465503564924,0.0,0.0,0.0,1
62.56,0.4372620958565478,0.4285465503564924,0.0,0.0,0.0,1
62.592,0.4372620958565478,0.4285465503564924,0.0,0.0,0.0,1
62.624,0.4372620958565478,0.4285465503564924,0.0,0.0,0.0,1
62.656,0.4372620958565478,0.4285465503564924,0.0,0.0,0.0,1
62.688,0.4372620958565478,0.4285465503564924,0.0,0.0,0.0,1
62.72,0.4372620958565478,0.4285465503564924,0.0,0.0,0.0,1
62.752,0.4372620958565478,0.4285465503564924,0.0,0.0,0.0,1
62.784,0.4372620958565478,0.4285465503564924,0.0,0.0,0.0,1
62.816,0.4372620958565478,0.4285465503564924,0.0,0.0,0.0,1
62.848,0.4372620958565478,0.4285465503564924,0.0,0.0,0.0,1
62.88,0.4372620958565478,0.4285465503564924,0.0,0.0,0.0,1
62.912,0.4372620958565478,0.4285465503564924,0.0,0.0,0.0,1
62.944,0.4372620958565478,0.4285465503564924,0.0,0.0,0.0,1
62.976,0.4372620958565478,0.4285465503564924,0.0,0.0,0.0,1
63.008,0.4372620958565478,0.4285465503564924,0.0,0.0,0.0,1
63.04,0.4372620958565478,0.4285465503564924,0.0,0.0,0.0,1
63.072,0.4372620958565478,0.4285465503564924,0.0,0.0,0.0,1
63.104,0.4372620958565478,0.4285465503564924,0.0,0.0,0.0,1
63.136,0.4372620958565478,0.4285465503564924,0.0,0.0,0.0,1
63.168,0.4372620958565478,0.4285465503564924,0.0,0.0,0.0,1
63.2,0.4372620958565478,0.4285465503564924,0.0,0.0,0.0,1
63.232,0.4372620958565478,0.4285465503564924,0.0,0.0,0.0,1
63.264,0.4372620958565478,0.4285465503564924,0.0,0.0,0.0,1
63.296,0.4372620958565478,0.4285465503564924,0.0,0.0,0.0,1
63.328,0.4372620958565478,0.4285465503564924,0.0,0.0,0.0,1
63.36,0.4372620958565478,0.4285465503564924,0.0,0.0,0.0,1
63.392,0.4372620958565478,0.4285465503564924,0.0,0.0,0.0,1
63.424,0.4372620958565478,0.4285465503564924,0.0,0.0,0.0,1
63.456,0.4372620958565478,0.4285465503564924,0.0,0.0,0.0,1
63.488,0.4372620958565478,0.4285465503564924,0.0,0.0,0.0,1
63.52,0.4372620958565478,0.4285465503564924,0.0,0.0,0.0,1
63.552,0.4372620958565478,0.4285465503564924,0.0,0.0,0.0,1
63.584,0.4372620958565478,0.4285465503564924,0.0,0.0,0.0,1
63.616,0.4372620958565478,0.4285465503564924,0.0,0.0,0.0,1
63.648,0.4372620958565478,0.4285465503564924,0.0,0.0,0.0,1
63.68,0.4372620958565478,0.4285465503564924,0.0,0.0,0.0,1
63.712,0.4372620958565478,0.4285465503564924,0.0,0.0,0.0,1
63.744,0.4372620958565478,0.4285465503564924,0.0,0.0,0.0,1
63.776,0.4372620958565478,0.4285465503564924,0.0,0.0,0.0,1
63.808,0.4372620958565478,0.4285465503564924,0.0,0.0,0.0,1
63.84,0.4372620958565478,0.4285465503564924,0.0,0.0,0.0,1
63.872,0.4372620958565478,0.4285465503564924,0.0,0.0,0.0,1
63.904,0.4372620958565478,0.4285465503564924,0.0,0.0,0.0,1
63.936,0.4372620958565478,0.4285465503564924,0.0,0.0,0.0,1
63.968,0.4372620958565478,0.4285465503564924,0.0,0.0,0.0,1
64.0,0.4372620958565478,0.4285465503564924,0.0,0.0,0.0,1
64.032,0.4372620958565478,0.4285465503564924,0.0,0.0,0.0,1
64.064,0.4372620958565478,0.4285465503564924,0.0,0.0,0.0,1
64.096,0.4372620958565478,0.4285465503564924,0.0,0.0,0.0,1
64.128,0.4372620958565478,0.4285465503564924,0.0,0.0,0.0,1
64.16,0.4372620958565478,0.4285465503564924,0.0,0.0,0.0,1
64.192,0.4372620958565478,0.4285465503564924,0.0,0.0,0.0,1
64.224,0.4372620958565478,0.4285465503564924,0.0,0.0,0.0,1
64.256,0.4372620958565478,0.4285465503564924,0.0,0.0,0.0,1
64.288,0.4372620958565478,0.4285465503564924,0.0,0.0,0.0,1
64.32,0.4372620958565478,0.4285465503564924,0.0,0.0,0.0,1
64.352,0.4372620958565478,0.4285465503564924,0.0,0.0,0.0,1
64.384,0.4372620958565478,0.4285465503564924,0.0,0.0,0.0,1
64.416,0.4372620958565478,0.4285465503564924,0.0,0.0,0.0,1
64.448,0.4372620958565478,0.4285465503564924,0.0,0.0,0.0,1
64.48,0.4372620958565478,0.4285465503564924,0.0,0.0,0.0,1
64.512,0.4372620958565478,0.4285465503564924,0.0,0.0,0.0,1
64.544,0.4372620958565478,0.4285465503564924,0.0,0.0,0.0,1
64.576,0.4372620958565478,0.4285465503564924,0.0,0.0,0.0,1
64.608,0.4372620958565478,0.4285465503564924,0.0,0.0,0.0,1
64.64,0.4372620958565478,0.4285465503564924,0.0,0.0,0.0,1
64.672,0.4372620958565478,0.4285465503564924,0.0,0.0,0.0,1
64.704,0.4372620958565478,0.4285465503564924,0.0,0.0,0.0,1
64.736,0.4372620958565478,0.4285465503564924,0.0,0.0,0.0,1
64.768,0.4372620958565478,0.4285465503564924,0.0,0.0,0.0,1
64.8,0.4372620958565478,0.4285465503564924,0.0,0.0,0.0,1
64.832,0.4372620958565478,0.4285465503564924,0.0,0.0,0.0,1
64.864,0.4372620958565478,0.4285465503564924,0.0,0.0,0.0,1
64.896,0.4372620958565478,0.4285465503564924,0.0,0.0,0.0,1
64.928,0.4372620958565478,0.4285465503564924,0.0,0.0,0.0,1
64.96,0.4372620958565478,0.4285465503564924,0.0,0.0,0.0,1
64.992,0.4372620958565478,0.4285465503564924,0.0,0.0,0.0,1
65.024,0.4372620958565478,0.4285465503564924,0.0,0.0,0.0,1
65.056,0.4372620958565478,0.4285465503564924,0.0,0.0,0.0,1
65.088,0.4372620958565478,0.4285465503564924,0.0,0.0,0.0,1
65.12,0.4372620958565478,0.4285465503564924,0.0,0.0,0.0,1
65.152,0.4372620958565478,0.4285465503564924,0.0,0.0,0.0,1
65.184,0.4372620958565478,0.4285465503564924,0.0,0.0,0.0,1
65.216,0.4372620958565478,0.4285465503564924,0.0,0.0,0.0,1
65.248,0.4372620958565478,0.4285465503564924,0.0,0.0,0.0,1
65.28,0.4372620958565478,0.4285465503564924,0.0,0.0,0.0,1
65.312,0.4372620958565478,0.4285465503564924,0.0,0.0,0.0,1
65.344,0.4372620958565478,0.4285465503564924,0.0,0.0,0.0,1
65.376,0.4372620958565478,0.4285465503564924,0.0,0.0,0.0,1
65.408,0.4372620958565478,0.4285465503564924,0.0,0.0,0.0,1
65.44,0.4372620958565478,0.4285465503564924,0.0,0.0,0.0,1
65.472,0.4372620958565478,0.4285465503564924,0.0,0.0,0.0,1
65.504,0.4372620958565478,0.4285465503564924,0.0,0.0,0.0,1
65.536,0.4372620958565478,0.4285465503564924,0.0,0.0,0.0,1
65.568,0.4372620958565478,0.4285465503564924,0.0,0.0,0.0,1
65.6,0.4372620958565478,0.4285465503564924,0.0,0.0,0.0,1
65.632,0.4372620958565478,0.4285465503564924,0.0,0.0,0.0,1
65.664,0.4372620958565478,0.4285465503564924,0.0,0.0,0.0,1
65.696,0.4372620958565478,0.4285465503564924,0.0,0.0,0.0,1
65.728,0.4372620958565478,0.4285465503564924,0.0,0.0,0.0,1
65.76,0.4372620958565478,0.4285465503564924,0.0,0.0,0.0,1
65.792,0.4372620958565478,0.4285465503564924,0.0,0.0,0.0,1
65.824,0.4372620958565478,0.4285465503564924,0.0,0.0,0.0,1
65.856,0.4372620958565478,0.4285465503564924,0.0,0.0,0.0,1
65.888,0.4372620958565478,0.4285465503564924,0.0,0.0,0.0,1
65.92,0.4372620958565478,0.4285465503564924,0.0,0.0,0.0,1
65.952,0.4372620958565478,0.4285465503564924,0.0,0.0,0.0,1
65.984,0.4372620958565478,0.4285465503564924,0.0,0.0,0.0,1
66.016,0.4372620958565478,0.4285465503564924,0.0,0.0,0.0,1
66.048,0.4372620958565478,0.4285465503564924,0.0,0.0,0.0,1
66.08,0.4372620958565478,0.4285465503564924,0.0,0.0,0.0,1
66.112,0.4372620958565478,0.4285465503564924,0.0,0.0,0.0,1
66.144,0.4372620958565478,0.4285465503564924,0.0,0.0,0.0,1
66.176,0.4372620958565478,0.4285465503564924,0.0,0.0,0.0,1
66.208,0.4372620958565478,0.4285465503564924,0.0,0.0,0.0,1
66.24,0.4372620958565478,0.4285465503564924,0.0,0.0,0.0,1
66.272,0.4372620958565478,0.4285465503564924,0.0,0.0,0.0,1
66.304,0.4372620958565478,0.4285465503564924,0.0,0.0,0.0,1
66.336,0.4372620958565478,0.4285465503564924,0.0,0.0,0.0,1
66.368,0.4372620958565478,0.4285465503564924,0.0,0.0,0.0,1
66.4,0.4372620958565478,0.4285465503564924,0.0,0.0,0.0,1
66.432,0.4372620958565478,0.4285465503564924,0.0,0.0,0.0,1
66.464,0.4372620958565478,0.4285465503564924,0.0,0.0,0.0,1
66.496,0.4372620958565478,0.4285465503564924,0.0,0.0,0.0,1
66.528,0.4372620958565478,0.4285465503564924,0.0,0.0,0.0,1
66.56,0.4372620958565478,0.4285465503564924,0.0,0.0,0.0,1
66.592,0.4372620958565478,0.4285465503564924,0.0,0.0,0.0,1
66.624,0.4372620958565478,0.4285465503564924,0.0,0.0,0.0,1
66.656,0.4372620958565478,0.4285465503564924,0.0,0.0,0.0,1
66.688,0.4372620958565478,0.4285465503564924,0.0,0.0,0.0,1
66.72,0.4372620958565478,0.4285465503564924,0.0,0.0,0.0,1
66.752,0.4372620958565478,0.4285465503564924,0.0,0.0,0.0,1
66.784,0.4372620958565478,0.4285465503564924,0.0,0.0,0.0,1
66.816,0.4372620958565478,0.4285465503564924,0.0,0.0,0.0,1
66.848,0.4372620958565478,0.4285465503564924,0.0,0.0,0.0,1
66.88,0.4372620958565478,0.4285465503564924,0.0,0.0,0.0,1
66.912,0.4372620958565478,0.4285465503564924,0.0,0.0,0.0,1
66.944,0.4372620958565478,0.4285465503564924,0.0,0.0,0.0,1
66.976,0.4372620958565478,0.4285465503564924,0.0,0.0,0.0,1
67.008,0.4372620958565478,0.4285465503564924,0.0,0.0,0.0,1
67.04,0.4372620958565478,0.4285465503564924,0.0,0.0,0.0,1
67.072,0.4372620958565478,0.4285465503564924,0.0,0.0,0.0,1
67.104,0.4372620958565478,0.4285465503564924,0.0,0.0,0.0,1
67.136,0.4372620958565478,0.4285465503564924,0.0,0.0,0.0,1
67.168,0.4372620958565478,0.4285465503564924,0.0,0.0,0.0,1
67.2,0.4372620958565478,0.4285465503564924,0.0,0.0,0.0,1
67.232,0.4372620958565478,0.4285465503564924,0.0,0.0,0.0,1
67.264,0.4372620958565478,0.4285465503564924,0.0,0.0,0.0,1
67.296,0.4372620958565478,0.4285465503564924,0.0,0.0,0.0,1
67.328,0.4372620958565478,0.4285465503564924,0.0,0.0,0.0,1
67.36,0.4372620958565478,0.4285465503564924,0.0,0.0,0.0,1
67.392,0.4372620958565478,0.4285465503564924,0.0,0.0,0.0,1
67.424,0.4372620958565478,0.4285465503564924,0.0,0.0,0.0,1
67.456,0.4372620958565478,0.4285465503564924,0.0,0.0,0.0,1
67.488,0.4372620958565478,0.4285465503564924,0.0,0.0,0.0,1
67.52,0.4372620958565478,0.4285465503564924,0.0,0.0,0.0,1
67.552,0.4372620958565478,0.4285465503564924,0.0,0.0,0.0,1
67.584,0.4372620958565478,0.4285465503564924,0.0,0.0,0.0,1
67.616,0.4372620958565478,0.4285465503564924,0.0,0.0,0.0,1
67.648,0.4372620958565478,0.4285465503564924,0.0,0.0,0.0,1
67.68,0.4372620958565478,0.4285465503564924,0.0,0.0,0.0,1
67.712,0.4372620958565478,0.4285465503564924,0.0,0.0,0.0,1
67.744,0.4372620958565478,0.4285465503564924,0.0,0.0,0.0,1
67.776,0.4372620958565478,0.4285465503564924,0.0,0.0,0.0,1
67.808,0.4372620958565478,0.4285465503564924,0.0,0.0,0.0,1
67.84,0.4372620958565478,0.4285465503564924,0.0,0.0,0.0,1
67.872,0.4372620958565478,0.4285465503564924,0.0,0.0,0.0,1
67.904,0.4372620958565478,0.4285465503564924,0.0,0.0,0.0,1
67.936,0.4372620958565478,0.4285465503564924,0.0,0.0,0.0,1
67.968,0.4372620958565478,0.4285465503564924,0.0,0.0,0.0,1
68.0,0.4372620958565478,0.4285465503564924,0.0,0.0,0.0,1
68.032,0.4372620958565478,0.4285465503564924,0.0,0.0,0.0,1
68.064,0.4372620958565478,0.4285465503564924,0.0,0.0,0.0,1
68.096,0.4372620958565478,0.4285465503564924,0.0,0.0,0.0,1
68.128,0.4372620958565478,0.4285465503564924,0.0,0.0,0.0,1
68.16,0.4372620958565478,0.4285465503564924,0.0,0.0,0.0,1
68.192,0.4372620958565478,0.4285465503564924,0.0,0.0,0.0,1
68.224,0.4372620958565478,0.4285465503564924,0.0,0.0,0.0,1
68.256,0.4372620958565478,0.4285465503564924,0.0,0.0,0.0,1
68.288,0.4372620958565478,0.4285465503564924,0.0,0.0,0.0,1
68.32,0.4372620958565478,0.4285465503564924,0.0,0.0,0.0,1
68.352,0.4372620958565478,0.4285465503564924,0.0,0.0,0.0,1
68.384,0.4372620958565478,0.4285465503564924,0.0,0.0,0.0,1
68.416,0.4372620958565478,0.4285465503564924,0.0,0.0,0.0,1
68.448,0.4372620958565478,0.4285465503564924,0.0,0.0,0.0,1
68.48,0.4372620958565478,0.4285465503564924,0.0,0.0,0.0,1
68.512,0.4372620958565478,0.4285465503564924,0.0,0.0,0.0,1
68.544,0.4372620958565478,0.4285465503564924,0.0,0.0,0.0,1
68.576,0.4372620958565478,0.4285465503564924,0.0,0.0,0.0,1
68.608,0.4372620958565478,0.4285465503564924,0.0,0.0,0.0,1
68.64,0.4372620958565478,0.4285465503564924,0.0,0.0,0.0,1
68.672,0.4372620958565478,0.4285465503564924,0.0,0.0,0.0,1
68.704,0.4372620958565478,0.4285465503564924,0.0,0.0,0.0,1
68.736,0.4372620958565478,0.4285465503564924,0.0,0.0,0.0,1
68.768,0.4372620958565478,0.4285465503564924,0.0,0.0,0.0,1
68.8,0.4372620958565478,0.4285465503564924,0.0,0.0,0.0,1
68.832,0.4372620958565478,0.4285465503564924,0.0,0.0,0.0,1
68.864,0.4372620958565478,0.4285465503564924,0.0,0.0,0.0,1
68.896,0.4372620958565478,0.4285465503564924,0.0,0.0,0.0,1
68.928,0.4372620958565478,0.4285465503564924,0.0,0.0,0.0,1
68.96,0.4372620958565478,0.4285465503564924,0.0,0.0,0.0,1
68.992,0.4372620958565478,0.4285465503564924,0.0,0.0,0.0,1
69.024,0.4372620958565478,0.4285465503564924,0.0,0.0,0.0,1
69.056,0.4372620958565478,0.4285465503564924,0.0,0.0,0.0,1
69.088,0.4372620958565478,0.4285465503564924,0.0,0.0,0.0,1
69.12,0.4372620958565478,0.4285465503564924,0.0,0.0,0.0,1
69.152,0.4372620958565478,0.4285465503564924,0.0,0.0,0.0,1
69.184,0.4372620958565478,0.4285465503564924,0.0,0.0,0.0,1
69.216,0.4372620958565478,0.4285465503564924,0.0,0.0,0.0,1
69.248,0.4372620958565478,0.4285465503564924,0.0,0.0,0.0,1
69.28,0.4372620958565478,0.4285465503564924,0.0,0.0,0.0,1
69.312,0.4372620958565478,0.4285465503564924,0.0,0.0,0.0,1
69.344,0.4372620958565478,0.4285465503564924,0.0,0.0,0.0,1
69.376,0.4372620958565478,0.4285465503564924,0.0,0.0,0.0,1
69.408,0.4372620958565478,0.4285465503564924,0.0,0.0,0.0,1
69.44,0.4372620958565478,0.4285465503564924,0.0,0.0,0.0,1
69.472,0.4372620958565478,0.4285465503564924,0.0,0.0,0.0,1
69.504,0.4372620958565478,0.4285465503564924,0.0,0.0,0.0,1
69.536,0.4372620958565478,0.4285465503564924,0.0,0.0,0.0,1
69.568,0.4372620958565478,0.4285465503564924,0.0,0.0,0.0,1
69.6,0.4372620958565478,0.4285465503564924,0.0,0.0,0.0,1
69.632,0.4372620958565478,0.4285465503564924,0.0,0.0,0.0,1
69.664,0.4372620958565478,0.4285465503564924,0.0,0.0,0.0,1
69.696,0.4372620958565478,0.4285465503564924,0.0,0.0,0.0,1
69.728,0.4372620958565478,0.4285465503564924,0.0,0.0,0.0,1
69.76,0.4372620958565478,0.4285465503564924,0.0,0.0,0.0,1
69.792,0.4372620958565478,0.4285465503564924,0.0,0.0,0.0,1
69.824,0.4372620958565478,0.4285465503564924,0.0,0.0,0.0,1
69.856,0.4372620958565478,0.4285465503564924,0.0,0.0,0.0,1
69.888,0.4372620958565478,0.4285465503564924,0.0,0.0,0.0,1
69.92,0.4372620958565478,0.4285465503564924,0.0,0.0,0.0,1
69.952,0.4372620958565478,0.4285465503564924,0.0,0.0,0.0,1
69.984,0.4372620958565478,0.4285465503564924,0.0,0.0,0.0,1
70.016,0.4372620958565478,0.4285465503564924,0.0,0.0,0.0,1
70.048,0.4372620958565478,0.4285465503564924,0.0,0.0,0.0,1
70.08,0.4372620958565478,0.4285465503564924,0.0,0.0,0.0,1
70.112,0.4372620958565478,0.4285465503564924,0.0,0.0,0.0,1
70.144,0.4372620958565478,0.4285465503564924,0.0,0.0,0.0,1
70.176,0.4372620958565478,0.4285465503564924,0.0,0.0,0.0,1
70.208,0.4372620958565478,0.4285465503564924,0.0,0.0,0.0,1
70.24,0.4372620958565478,0.4285465503564924,0.0,0.0,0.0,1
70.272,0.4372620958565478,0.4285465503564924,0.0,0.0,0.0,1
70.304,0.4372620958565478,0.4285465503564924,0.0,0.0,0.0,1
70.336,0.4372620958565478,0.4285465503564924,0.0,0.0,0.0,1
70.368,0.4372620958565478,0.4285465503564924,0.0,0.0,0.0,1
70.4,0.4372620958565478,0.4285465503564924,0.0,0.0,0.0,1
70.432,0.4372620958565478,0.4285465503564924,0.0,0.0,0.0,1
70.464,0.4372620958565478,0.4285465503564924,0.0,0.0,0.0,1
70.496,0.4372620958565478,0.4285465503564924,0.0,0.0,0.0,1
70.528,0.4372620958565478,0.4285465503564924,0.0,0.0,0.0,1
70.56,0.4372620958565478,0.4285465503564924,0.0,0.0,0.0,1
70.592,0.4372620958565478,0.4285465503564924,0.0,0.0,0.0,1
70.624,0.4372620958565478,0.4285465503564924,0.0,0.0,0.0,1
70.656,0.4372620958565478,0.4285465503564924,0.0,0.0,0.0,1
70.688,0.4372620958565478,0.4285465503564924,0.0,0.0,0.0,1
70.72,0.4372620958565478,0.4285465503564924,0.0,0.0,0.0,1
70.752,0.4372620958565478,0.4285465503564924,0.0,0.0,0.0,1
70.784,0.4372620958565478,0.4285465503564924,0.0,0.0,0.0,1
70.816,0.4372620958565478,0.4285465503564924,0.0,0.0,0.0,1
70.848,0.4372620958565478,0.4285465503564924,0.0,0.0,0.0,1
70.88,0.4372620958565478,0.4285465503564924,0.0,0.0,0.0,1
70.912,0.4372620958565478,0.4285465503564924,0.0,0.0,0.0,1
70.944,0.4372620958565478,0.4285465503564924,0.0,0.0,0.0,1
70.976,0.4372620958565478,0.4285465503564924,0.0,0.0,0.0,1
71.008,0.4372620958565478,0.4285465503564924,0.0,0.0,0.0,1
71.04,0.4372620958565478,0.4285465503564924,0.0,0.0,0.0,1
71.072,0.4372620958565478,0.4285465503564924,0.0,0.0,0.0,1
71.104,0.4372620958565478,0.4285465503564924,0.0,0.0,0.0,1
71.136,0.4372620958565478,0.4285465503564924,0.0,0.0,0.0,1
71.168,0.4372620958565478,0.4285465503564924,0.0,0.0,0.0,1
71.2,0.4372620958565478,0.4285465503564924,0.0,0.0,0.0,1
71.232,0.4372620958565478,0.4285465503564924,0.0,0.0,0.0,1
71.264,0.4372620958565478,0.4285465503564924,0.0,0.0,0.0,1
71.296,0.4372620958565478,0.4285465503564924,0.0,0.0,0.0,1
71.328,0.4372620958565478,0.4285465503564924,0.0,0.0,0.0,1
71.36,0.4372620958565478,0.4285465503564924,0.0,0.0,0.0,1
71.392,0.4372620958565478,0.4285465503564924,0.0,0.0,0.0,1
71.424,0.4372620958565478,0.4285465503564924,0.0,0.0,0.0,1
71.456,0.4372620958565478,0.4285465503564924,0.0,0.0,0.0,1
71.488,0.4372620958565478,0.4285465503564924,0.0,0.0,0.0,1
71.52,0.4372620958565478,0.4285465503564924,0.0,0.0,0.0,1
71.552,0.4372620958565478,0.4285465503564924,0.0,0.0,0.0,1
71.584,0.4372620958565478,0.4285465503564924,0.0,0.0,0.0,1
71.616,0.4372620958565478,0.4285465503564924,0.0,0.0,0.0,1
71.648,0.4372620958565478,0.4285465503564924,0.0,0.0,0.0,1
71.68,0.4372620958565478,0.4285465503564924,0.0,0.0,0.0,1
71.712,0.4372620958565478,0.4285465503564924,0.0,0.0,0.0,1
71.744,0.4372620958565478,0.4285465503564924,0.0,0.0,0.0,1
71.776,0.4372620958565478,0.4285465503564924,0.0,0.0,0.0,1
71.808,0.4372620958565478,0.4285465503564924,0.0,0.0,0.0,1
71.84,0.4372620958565478,0.4285465503564924,0.0,0.0,0.0,1
71.872,0.4372620958565478,0.4285465503564924,0.0,0.0,0.0,1
71.904,0.4372620958565478,0.4285465503564924,0.0,0.0,0.0,1
71.936,0.4372620958565478,0.4285465503564924,0.0,0.0,0.0,1
71.968,0.4372620958565478,0.4285465503564924,0.0,0.0,0.0,1
72.0,0.4372620958565478,0.4285465503564924,0.0,0.0,0.0,1
72.032,0.4372620958565478,0.4285465503564924,0.0,0.0,0.0,1
72.064,0.4372620958565478,0.4285465503564924,0.0,0.0,0.0,1
72.096,0.4372620958565478,0.4285465503564924,0.0,0.0,0.0,1
72.128,0.4372620958565478,0.4285465503564924,0.0,0.0,0.0,1
72.16,0.4372620958565478,0.4285465503564924,0.0,0.0,0.0,1
72.192,0.4372620958565478,0.4285465503564924,0.0,0.0,0.0,1
72.224,0.4372620958565478,0.4285465503564924,0.0,0.0,0.0,1
72.256,0.4372620958565478,0.4285465503564924,0.0,0.0,0.0,1
72.288,0.4372620958565478,0.4285465503564924,0.0,0.0,0.0,1
72.32,0.4372620958565478,0.4285465503564924,0.0,0.0,0.0,1
72.352,0.4372620958565478,0.4285465503564924,0.0,0.0,0.0,1
72.384,0.4372620958565478,0.4285465503564924,0.0,0.0,0.0,1
72.416,0.4372620958565478,0.4285465503564924,0.0,0.0,0.0,1
72.448,0.4372620958565478,0.4285465503564924,0.0,0.0,0.0,1
72.48,0.4372620958565478,0.4285465503564924,0.0,0.0,0.0,1
72.512,0.4372620958565478,0.4285465503564924,0.0,0.0,0.0,1
72.544,0.4372620958565478,0.4285465503564924,0.0,0.0,0.0,1
72.576,0.4372620958565478,0.4285465503564924,0.0,0.0,0.0,1
72.608,0.4372620958565478,0.4285465503564924,0.0,0.0,0.0,1
72.64,0.4372620958565478,0.4285465503564924,0.0,0.0,0.0,1
72.672,0.4372620958565478,0.4285465503564924,0.0,0.0,0.0,1
72.704,0.4372620958565478,0.4285465503564924,0.0,0.0,0.0,1
72.736,0.4372620958565478,0.4285465503564924,0.0,0.0,0.0,1
72.768,0.4372620958565478,0.4285465503564924,0.0,0.0,0.0,1
72.8,0.4372620958565478,0.4285465503564924,0.0,0.0,0.0,1
72.832,0.4372620958565478,0.4285465503564924,0.0,0.0,0.0,1
72.864,0.4372620958565478,0.4285465503564924,0.0,0.0,0.0,1
72.896,0.4372620958565478,0.4285465503564924,0.0,0.0,0.0,1
72.928,0.4372620958565478,0.4285465503564924,0.0,0.0,0.0,1
72.96,0.4372620958565478,0.4285465503564924,0.0,0.0,0.0,1
72.992,0.4372620958565478,0.4285465503564924,0.0,0.0,0.0,1
73.024,0.4372620958565478,0.4285465503564924,0.0,0.0,0.0,1
73.056,0.4372620958565478,0.4285465503564924,0.0,0.0,0.0,1
73.088,0.4372620958565478,0.4285465503564924,0.0,0.0,0.0,1
73.12,0.4372620958565478,0.4285465503564924,0.0,0.0,0.0,1
73.152,0.4372620958565478,0.4285465503564924,0.0,0.0,0.0,1
73.184,0.4372620958565478,0.4285465503564924,0.0,0.0,0.0,1
73.216,0.4372620958565478,0.4285465503564924,0.0,0.0,0.0,1
73.248,0.4372620958565478,0.4285465503564924,0.0,0.0,0.0,1
73.28,0.4372620958565478,0.4285465503564924,0.0,0.0,0.0,1
73.312,0.4372620958565478,0.4285465503564924,0.0,0.0,0.0,1
73.344,0.4372620958565478,0.4285465503564924,0.0,0.0,0.0,1
73.376,0.4372620958565478,0.4285465503564924,0.0,0.0,0.0,1
73.408,0.4372620958565478,0.4285465503564924,0.0,0.0,0.0,1
73.44,0.4372620958565478,0.4285465503564924,0.0,0.0,0.0,1
73.472,0.4372620958565478,0.4285465503564924,0.0,0.0,0.0,1
73.504,0.4372620958565478,0.4285465503564924,0.0,0.0,0.0,1
73.536,0.4372620958565478,0.4285465503564924,0.0,0.0,0.0,1
73.568,0.4372620958565478,0.4285465503564924,0.0,0.0,0.0,1
73.6,0.4372620958565478,0.4285465503564924,0.0,0.0,0.0,1
73.632,0.4372620958565478,0.4285465503564924,0.0,0.0,0.0,1
73.664,0.4372620958565478,0.4285465503564924,0.0,0.0,0.0,1
73.696,0.4372620958565478,0.4285465503564924,0.0,0.0,0.0,1
73.728,0.4372620958565478,0.4285465503564924,0.0,0.0,0.0,1
73.76,0.4372620958565478,0.4285465503564924,0.0,0.0,0.0,1
73.792,0.4372620958565478,0.4285465503564924,0.0,0.0,0.0,1
73.824,0.4372620958565478,0.4285465503564924,0.0,0.0,0.0,1
73.856,0.4372620958565478,0.4285465503564924,0.0,0.0,0.0,1
73.888,0.4372620958565478,0.4285465503564924,0.0,0.0,0.0,1
73.92,0.4372620958565478,0.4285465503564924,0.0,0.0,0.0,1
73.952,0.4372620958565478,0.4285465503564924,0.0,0.0,0.0,1
73.984,0.4372620958565478,0.4285465503564924,0.0,0.0,0.0,1
74.016,0.4372620958565478,0.4285465503564924,0.0,0.0,0.0,1
74.048,0.4372620958565478,0.4285465503564924,0.0,0.0,0.0,1
74.08,0.4372620958565478,0.4285465503564924,0.0,0.0,0.0,1
74.112,0.4372620958565478,0.4285465503564924,0.0,0.0,0.0,1
74.144,0.4372620958565478,0.4285465503564924,0.0,0.0,0.0,1
74.176,0.4372620958565478,0.4285465503564924,0.0,0.0,0.0,1
74.208,0.4372620958565478,0.4285465503564924,0.0,0.0,0.0,1
74.24,0.4372620958565478,0.4285465503564924,0.0,0.0,0.0,1
74.272,0.4372620958565478,0.4285465503564924,0.0,0.0,0.0,1
74.304,0.4372620958565478,0.4285465503564924,0.0,0.0,0.0,1
74.336,0.4372620958565478,0.4285465503564924,0.0,0.0,0.0,1
74.368,0.4372620958565478,0.4285465503564924,0.0,0.0,0.0,1
74.4,0.4372620958565478,0.4285465503564924,0.0,0.0,0.0,1
74.432,0.4372620958565478,0.4285465503564924,0.0,0.0,0.0,1
74.464,0.4372620958565478,0.4285465503564924,0.0,0.0,0.0,1
74.496,0.4372620958565478,0.4285465503564924,0.0,0.0,0.0,1
74.528,0.4372620958565478,0.4285465503564924,0.0,0.0,0.0,1
74.56,0.4372620958565478,0.4285465503564924,0.0,0.0,0.0,1
74.592,0.4372620958565478,0.4285465503564924,0.0,0.0,0.0,1
74.624,0.4372620958565478,0.4285465503564924,0.0,0.0,0.0,1
74.656,0.4372620958565478,0.4285465503564924,0.0,0.0,0.0,1
74.688,0.4372620958565478,0.4285465503564924,0.0,0.0,0.0,1
74.72,0.4372620958565478,0.4285465503564924,0.0,0.0,0.0,1
74.752,0.4372620958565478,0.4285465503564924,0.0,0.0,0.0,1
74.784,0.4372620958565478,0.4285465503564924,0.0,0.0,0.0,1
74.816,0.4372620958565478,0.4285465503564924,0.0,0.0,0.0,1
74.848,0.4372620958565478,0.4285465503564924,0.0,0.0,0.0,1
74.88,0.4372620958565478,0.4285465503564924,0.0,0.0,0.0,1
74.912,0.4372620958565478,0.4285465503564924,0.0,0.0,0.0,1
74.944,0.4372620958565478,0.4285465503564924,0.0,0.0,0.0,1
74.976,0.4372620958565478,0.4285465503564924,0.0,0.0,0.0,1
75.008,0.4372620958565478,0.4285465503564924,0.0,0.0,0.0,1
75.04,0.4372620958565478,0.4285465503564924,0.0,0.0,0.0,1
75.072,0.4372620958565478,0.4285465503564924,0.0,0.0,0.0,1
75.104,0.4372620958565478,0.4285465503564924,0.0,0.0,0.0,1
75.136,0.4372620958565478,0.4285465503564924,0.0,0.0,0.0,1
75.168,0.4372620958565478,0.4285465503564924,0.0,0.0,0.0,1
75.2,0.4372620958565478,0.4285465503564924,0.0,0.0,0.0,1
75.232,0.4372620958565478,0.4285465503564924,0.0,0.0,0.0,1
75.264,0.4372620958565478,0.4285465503564924,0.0,0.0,0.0,1
75.296,0.4372620958565478,0.4285465503564924,0.0,0.0,0.0,1
75.328,0.4372620958565478,0.4285465503564924,0.0,0.0,0.0,1
75.36,0.4372620958565478,0.4285465503564924,0.0,0.0,0.0,1
75.392,0.4372620958565478,0.4285465503564924,0.0,0.0,0.0,1
75.424,0.4372620958565478,0.4285465503564924,0.0,0.0,0.0,1
75.456,0.4372620958565478,0.4285465503564924,0.0,0.0,0.0,1
75.488,0.4372620958565478,0.4285465503564924,0.0,0.0,0.0,1
75.52,0.4372620958565478,0.4285465503564924,0.0,0.0,0.0,1
75.552,0.4372620958565478,0.4285465503564924,0.0,0.0,0.0,1
75.584,0.4372620958565478,0.4285465503564924,0.0,0.0,0.0,1
75.616,0.4372620958565478,0.4285465503564924,0.0,0.0,0.0,1
75.648,0.4372620958565478,0.4285465503564924,0.0,0.0,0.0,1
75.68,0.4372620958565478,0.4285465503564924,0.0,0.0,0.0,1
75.712,0.4372620958565478,0.4285465503564924,0.0,0.0,0.0,1
75.744,0.4372620958565478,0.4285465503564924,0.0,0.0,0.0,1
75.776,0.4372620958565478,0.4285465503564924,0.0,0.0,0.0,1
75.808,0.4372620958565478,0.4285465503564924,0.0,0.0,0.0,1
75.84,0.4372620958565478,0.4285465503564924,0.0,0.0,0.0,1
75.872,0.4372620958565478,0.4285465503564924,0.0,0.0,0.0,1
75.904,0.4372620958565478,0.4285465503564924,0.0,0.0,0.0,1
75.936,0.4372620958565478,0.4285465503564924,0.0,0.0,0.0,1
75.968,0.4372620958565478,0.4285465503564924,0.0,0.0,0.0,1
76.0,0.4372620958565478,0.4285465503564924,0.0,0.0,0.0,1
76.032,0.4372620958565478,0.4285465503564924,0.0,0.0,0.0,1
76.064,0.4372620958565478,0.4285465503564924,0.0,0.0,0.0,1
76.096,0.4372620958565478,0.4285465503564924,0.0,0.0,0.0,1
76.128,0.4372620958565478,0.4285465503564924,0.0,0.0,0.0,1
76.16,0.4372620958565478,0.4285465503564924,0.0,0.0,0.0,1
76.192,0.4372620958565478,0.4285465503564924,0.0,0.0,0.0,1
76.224,0.4372620958565478,0.4285465503564924,0.0,0.0,0.0,1
76.256,0.4372620958565478,0.4285465503564924,0.0,0.0,0.0,1
76.288,0.4372620958565478,0.4285465503564924,0.0,0.0,0.0,1
76.32,0.4372620958565478,0.4285465503564924,0.0,0.0,0.0,1
76.352,0.4372620958565478,0.4285465503564924,0.0,0.0,0.0,1
76.384,0.4372620958565478,0.4285465503564924,0.0,0.0,0.0,1
76.416,0.4372620958565478,0.4285465503564924,0.0,0.0,0.0,1
76.448,0.4372620958565478,0.4285465503564924,0.0,0.0,0.0,1
76.48,0.4372620958565478,0.4285465503564924,0.0,0.0,0.0,1
76.512,0.4372620958565478,0.4285465503564924,0.0,0.0,0.0,1
76.544,0.4372620958565478,0.4285465503564924,0.0,0.0,0.0,1
76.576,0.4372620958565478,0.4285465503564924,0.0,0.0,0.0,1
76.608,0.4372620958565478,0.4285465503564924,0.0,0.0,0.0,1
76.64,0.4372620958565478,0.4285465503564924,0.0,0.0,0.0,1
76.672,0.4372620958565478,0.4285465503564924,0.0,0.0,0.0,1
76.704,0.4372620958565478,0.4285465503564924,0.0,0.0,0.0,1
76.736,0.4372620958565478,0.4285465503564924,0.0,0.0,0.0,1
76.768,0.4372620958565478,0.4285465503564924,0.0,0.0,0.0,1
76.8,0.4372620958565478,0.4285465503564924,0.0,0.0,0.0,1
76.832,0.4372620958565478,0.4285465503564924,0.0,0.0,0.0,1
76.864,0.4372620958565478,0.4285465503564924,0.0,0.0,0.0,1
76.896,0.4372620958565478,0.4285465503564924,0.0,0.0,0.0,1
76.928,0.4372620958565478,0.4285465503564924,0.0,0.0,0.0,1
76.96,0.4372620958565478,0.4285465503564924,0.0,0.0,0.0,1
76.992,0.4372620958565478,0.4285465503564924,0.0,0.0,0.0,1
77.024,0.4372620958565478,0.4285465503564924,0.0,0.0,0.0,1
77.056,0.4372620958565478,0.4285465503564924,0.0,0.0,0.0,1
77.088,0.4372620958565478,0.4285465503564924,0.0,0.0,0.0,1
77.12,0.4372620958565478,0.4285465503564924,0.0,0.0,0.0,1
77.152,0.4372620958565478,0.4285465503564924,0.0,0.0,0.0,1
77.184,0.4372620958565478,0.4285465503564924,0.0,0.0,0.0,1
77.216,0.4372620958565478,0.4285465503564924,0.0,0.0,0.0,1
77.248,0.4372620958565478,0.4285465503564924,0.0,0.0,0.0,1
77.28,0.4372620958565478,0.4285465503564924,0.0,0.0,0.0,1
77.312,0.4372620958565478,0.4285465503564924,0.0,0.0,0.0,1
77.344,0.4372620958565478,0.4285465503564924,0.0,0.0,0.0,1
77.376,0.4372620958565478,0.4285465503564924,0.0,0.0,0.0,1
77.408,0.4372620958565478,0.4285465503564924,0.0,0.0,0.0,1
77.44,0.4372620958565478,0.4285465503564924,0.0,0.0,0.0,1
77.472,0.4372620958565478,0.4285465503564924,0.0,0.0,0.0,1
77.504,0.4372620958565478,0.4285465503564924,0.0,0.0,0.0,1
77.536,0.4372620958565478,0.4285465503564924,0.0,0.0,0.0,1
77.568,0.4372620958565478,0.4285465503564924,0.0,0.0,0.0,1
77.6,0.4372620958565478,0.4285465503564924,0.0,0.0,0.0,1
77.632,0.4372620958565478,0.4285465503564924,0.0,0.0,0.0,1
77.664,0.4372620958565478,0.4285465503564924,0.0,0.0,0.0,1
77.696,0.4372620958565478,0.4285465503564924,0.0,0.0,0.0,1
77.728,0.4372620958565478,0.4285465503564924,0.0,0.0,0.0,1
77.76,0.4372620958565478,0.4285465503564924,0.0,0.0,0.0,1
77.792,0.4372620958565478,0.4285465503564924,0.0,0.0,0.0,1
77.824,0.4372620958565478,0.4285465503564924,0.0,0.0,0.0,1
77.856,0.4372620958565478,0.4285465503564924,0.0,0.0,0.0,1
77.888,0.4372620958565478,0.4285465503564924,0.0,0.0,0.0,1
77.92,0.4372620958565478,0.4285465503564924,0.0,0.0,0.0,1
77.952,0.4372620958565478,0.4285465503564924,0.0,0.0,0.0,1
77.984,0.4372620958565478,0.4285465503564924,0.0,0.0,0.0,1
78.016,0.4372620958565478,0.4285465503564924,0.0,0.0,0.0,1
78.048,0.4372620958565478,0.4285465503564924,0.0,0.0,0.0,1
78.08,0.4372620958565478,0.4285465503564924,0.0,0.0,0.0,1
78.112,0.4372620958565478,0.4285465503564924,0.0,0.0,0.0,1
78.144,0.4372620958565478,0.4285465503564924,0.0,0.0,0.0,1
78.176,0.4372620958565478,0.4285465503564924,0.0,0.0,0.0,1
78.208,0.4372620958565478,0.4285465503564924,0.0,0.0,0.0,1
78.24,0.4372620958565478,0.4285465503564924,0.0,0.0,0.0,1
78.272,0.4372620958565478,0.4285465503564924,0.0,0.0,0.0,1
78.304,0.4372620958565478,0.4285465503564924,0.0,0.0,0.0,1
78.336,0.4372620958565478,0.4285465503564924,0.0,0.0,0.0,1
78.368,0.4372620958565478,0.4285465503564924,0.0,0.0,0.0,1
78.4,0.4372620958565478,0.4285465503564924,0.0,0.0,0.0,1
78.432,0.4372620958565478,0.4285465503564924,0.0,0.0,0.0,1
78.464,0.4372620958565478,0.4285465503564924,0.0,0.0,0.0,1
78.496,0.4372620958565478,0.4285465503564924,0.0,0.0,0.0,1
78.528,0.4372620958565478,0.4285465503564924,0.0,0.0,0.0,1
78.56,0.4372620958565478,0.4285465503564924,0.0,0.0,0.0,1
78.592,0.4372620958565478,0.4285465503564924,0.0,0.0,0.0,1
78.624,0.4372620958565478,0.4285465503564924,0.0,0.0,0.0,1
78.656,0.4372620958565478,0.4285465503564924,0.0,0.0,0.0,1
78.688,0.4372620958565478,0.4285465503564924,0.0,0.0,0.0,1
78.72,0.4372620958565478,0.4285465503564924,0.0,0.0,0.0,1
78.752,0.4372620958565478,0.4285465503564924,0.0,0.0,0.0,1
78.784,0.4372620958565478,0.4285465503564924,0.0,0.0,0.0,1
78.816,0.4372620958565478,0.4285465503564924,0.0,0.0,0.0,1
78.848,0.4372620958565478,0.4285465503564924,0.0,0.0,0.0,1
78.88,0.4372620958565478,0.4285465503564924,0.0,0.0,0.0,1
78.912,0.4372620958565478,0.4285465503564924,0.0,0.0,0.0,1
78.944,0.4372620958565478,0.4285465503564924,0.0,0.0,0.0,1
78.976,0.4372620958565478,0.4285465503564924,0.0,0.0,0.0,1
79.008,0.4372620958565478,0.4285465503564924,0.0,0.0,0.0,1
79.04,0.4372620958565478,0.4285465503564924,0.0,0.0,0.0,1
79.072,0.4372620958565478,0.4285465503564924,0.0,0.0,0.0,1
79.104,0.4372620958565478,0.4285465503564924,0.0,0.0,0.0,1
79.136,0.4372620958565478,0.4285465503564924,0.0,0.0,0.0,1
79.168,0.4372620958565478,0.4285465503564924,0.0,0.0,0.0,1
79.2,0.4372620958565478,0.4285465503564924,0.0,0.0,0.0,1
79.232,0.4372620958565478,0.4285465503564924,0.0,0.0,0.0,1
79.264,0.4372620958565478,0.4285465503564924,0.0,0.0,0.0,1
79.296,0.4372620958565478,0.4285465503564924,0.0,0.0,0.0,1
79.328,0.4372620958565478,0.4285465503564924,0.0,0.0,0.0,1
79.36,0.4372620958565478,0.4285465503564924,0.0,0.0,0.0,1
79.392,0.4372620958565478,0.4285465503564924,0.0,0.0,0.0,1
79.424,0.4372620958565478,0.4285465503564924,0.0,0.0,0.0,1
79.456,0.4372620958565478,0.4285465503564924,0.0,0.0,0.0,1
79.488,0.4372620958565478,0.4285465503564924,0.0,0.0,0.0,1
79.52,0.4372620958565478,0.4285465503564924,0.0,0.0,0.0,1
79.552,0.4372620958565478,0.4285465503564924,0.0,0.0,0.0,1
79.584,0.4372620958565478,0.4285465503564924,0.0,0.0,0.0,1
79.616,0.4372620958565478,0.4285465503564924,0.0,0.0,0.0,1
79.648,0.4372620958565478,0.4285465503564924,0.0,0.0,0.0,1
79.68,0.4372620958565478,0.4285465503564924,0.0,0.0,0.0,1
79.712,0.4372620958565478,0.4285465503564924,0.0,0.0,0.0,1
79.744,0.4372620958565478,0.4285465503564924,0.0,0.0,0.0,1
79.776,0.4372620958565478,0.4285465503564924,0.0,0.0,0.0,1
79.808,0.4372620958565478,0.4285465503564924,0.0,0.0,0.0,1
79.84,0.4372620958565478,0.4285465503564924,0.0,0.0,0.0,1
79.872,0.4372620958565478,0.4285465503564924,0.0,0.0,0.0,1
79.904,0.4372620958565478,0.4285465503564924,0.0,0.0,0.0,1
79.936,0.4372620958565478,0.4285465503564924,0.0,0.0,0.0,1
79.968,0.4372620958565478,0.4285465503564924,0.0,0.0,0.0,1
80.0,0.4372620958565478,0.4285465503564924,0.0,0.0,0.0,1
80.032,0.4372620958565478,0.4285465503564924,0.0,0.0,0.0,1
80.064,0.4372620958565478,0.4285465503564924,0.0,0.0,0.0,1
80.096,0.4372620958565478,0.4285465503564924,0.0,0.0,0.0,1
80.128,0.4372620958565478,0.4285465503564924,0.0,0.0,0.0,1
80.16,0.4372620958565478,0.4285465503564924,0.0,0.0,0.0,1
80.192,0.4372620958565478,0.4285465503564924,0.0,0.0,0.0,1
80.224,0.4372620958565478,0.4285465503564924,0.0,0.0,0.0,1
80.256,0.4372620958565478,0.4285465503564924,0.0,0.0,0.0,1
80.288,0.4372620958565478,0.4285465503564924,0.0,0.0,0.0,1
80.32,0.4372620958565478,0.4285465503564924,0.0,0.0,0.0,1
80.352,0.4372620958565478,0.4285465503564924,0.0,0.0,0.0,1
80.384,0.4372620958565478,0.4285465503564924,0.0,0.0,0.0,1
80.416,0.4372620958565478,0.4285465503564924,0.0,0.0,0.0,1
80.448,0.4372620958565478,0.4285465503564924,0.0,0.0,0.0,1
80.48,0.4372620958565478,0.4285465503564924,0.0,0.0,0.0,1
80.512,0.4372620958565478,0.4285465503564924,0.0,0.0,0.0,1
80.544,0.4372620958565478,0.4285465503564924,0.0,0.0,0.0,1
80.576,0.4372620958565478,0.4285465503564924,0.0,0.0,0.0,1
80.608,0.4372620958565478,0.4285465503564924,0.0,0.0,0.0,1
80.64,0.4372620958565478,0.4285465503564924,0.0,0.0,0.0,1
80.672,0.4372620958565478,0.4285465503564924,0.0,0.0,0.0,1
80.704,0.4372620958565478,0.4285465503564924,0.0,0.0,0.0,1
80.736,0.4372620958565478,0.4285465503564924,0.0,0.0,0.0,1
80.768,0.4372620958565478,0.4285465503564924,0.0,0.0,0.0,1
80.8,0.4372620958565478,0.4285465503564924,0.0,0.0,0.0,1
80.832,0.4372620958565478,0.4285465503564924,0.0,0.0,0.0,1
80.864,0.4372620958565478,0.4285465503564924,0.0,0.0,0.0,1
80.896,0.4372620958565478,0.4285465503564924,0.0,0.0,0.0,1
80.928,0.4372620958565478,0.4285465503564924,0.0,0.0,0.0,1
80.96,0.4372620958565478,0.4285465503564924,0.0,0.0,0.0,1
80.992,0.4372620958565478,0.4285465503564924,0.0,0.0,0.0,1
81.024,0.4372620958565478,0.4285465503564924,0.0,0.0,0.0,1
81.056,0.4372620958565478,0.4285465503564924,0.0,0.0,0.0,1
81.088,0.4372620958565478,0.4285465503564924,0.0,0.0,0.0,1
81.12,0.4372620958565478,0.4285465503564924,0.0,0.0,0.0,1
81.152,0.4372620958565478,0.4285465503564924,0.0,0.0,0.0,1
81.184,0.4372620958565478,0.4285465503564924,0.0,0.0,0.0,1
81.216,0.4372620958565478,0.4285465503564924,0.0,0.0,0.0,1
81.248,0.4372620958565478,0.4285465503564924,0.0,0.0,0.0,1
81.28,0.4372620958565478,0.4285465503564924,0.0,0.0,0.0,1
81.312,0.4372620958565478,0.4285465503564924,0.0,0.0,0.0,1
81.344,0.4372620958565478,0.4285465503564924,0.0,0.0,0.0,1
81.376,0.4372620958565478,0.4285465503564924,0.0,0.0,0.0,1
81.408,0.4372620958565478,0.4285465503564924,0.0,0.0,0.0,1
81.44,0.4372620958565478,0.4285465503564924,0.0,0.0,0.0,1
81.472,0.4372620958565478,0.4285465503564924,0.0,0.0,0.0,1
81.504,0.4372620958565478,0.4285465503564924,0.0,0.0,0.0,1
81.536,0.4372620958565478,0.4285465503564924,0.0,0.0,0.0,1
81.568,0.4372620958565478,0.4285465503564924,0.0,0.0,0.0,1
81.6,0.4372620958565478,0.4285465503564924,0.0,0.0,0.0,1
81.632,0.4372620958565478,0.4285465503564924,0.0,0.0,0.0,1
81.664,0.4372620958565478,0.4285465503564924,0.0,0.0,0.0,1
81.696,0.4372620958565478,0.4285465503564924,0.0,0.0,0.0,1
81.728,0.4372620958565478,0.4285465503564924,0.0,0.0,0.0,1
81.76,0.4372620958565478,0.4285465503564924,0.0,0.0,0.0,1
81.792,0.4372620958565478,0.4285465503564924,0.0,0.0,0.0,1
81.824,0.4372620958565478,0.4285465503564924,0.0,0.0,0.0,1
81.856,0.4372620958565478,0.4285465503564924,0.0,0.0,0.0,1
81.888,0.4372620958565478,0.4285465503564924,0.0,0.0,0.0,1
81.92,0.4372620958565478,0.4285465503564924,0.0,0.0,0.0,1
81.952,0.4372620958565478,0.4285465503564924,0.0,0.0,0.0,1
81.984,0.4372620958565478,0.4285465503564924,0.0,0.0,0.0,1
82.016,0.4372620958565478,0.4285465503564924,0.0,0.0,0.0,1
82.048,0.4372620958565478,0.4285465503564924,0.0,0.0,0.0,1
82.08,0.4372620958565478,0.4285465503564924,0.0,0.0,0.0,1
82.112,0.4372620958565478,0.4285465503564924,0.0,0.0,0.0,1
82.144,0.4372620958565478,0.4285465503564924,0.0,0.0,0.0,1
82.176,0.4372620958565478,0.4285465503564924,0.0,0.0,0.0,1
82.208,0.4372620958565478,0.4285465503564924,0.0,0.0,0.0,1
82.24,0.4372620958565478,0.4285465503564924,0.0,0.0,0.0,1
82.272,0.4372620958565478,0.4285465503564924,0.0,0.0,0.0,1
82.304,0.4372620958565478,0.4285465503564924,0.0,0.0,0.0,1
82.336,0.4372620958565478,0.4285465503564924,0.0,0.0,0.0,1
82.368,0.4372620958565478,0.4285465503564924,0.0,0.0,0.0,1
82.4,0.4372620958565478,0.4285465503564924,0.0,0.0,0.0,1
82.432,0.4372620958565478,0.4285465503564924,0.0,0.0,0.0,1
82.464,0.4372620958565478,0.4285465503564924,0.0,0.0,0.0,1
82.496,0.4372620958565478,0.4285465503564924,0.0,0.0,0.0,1
82.528,0.4372620958565478,0.4285465503564924,0.0,0.0,0.0,1
82.56,0.4372620958565478,0.4285465503564924,0.0,0.0,0.0,1
82.592,0.4372620958565478,0.4285465503564924,0.0,0.0,0.0,1
82.624,0.4372620958565478,0.4285465503564924,0.0,0.0,0.0,1
82.656,0.4372620958565478,0.4285465503564924,0.0,0.0,0.0,1
82.688,0.4372620958565478,0.4285465503564924,0.0,0.0,0.0,1
82.72,0.4372620958565478,0.4285465503564924,0.0,0.0,0.0,1
82.752,0.4372620958565478,0.4285465503564924,0.0,0.0,0.0,1
82.784,0.4372620958565478,0.4285465503564924,0.0,0.0,0.0,1
82.816,0.4372620958565478,0.4285465503564924,0.0,0.0,0.0,1
82.848,0.4372620958565478,0.4285465503564924,0.0,0.0,0.0,1
82.88,0.4372620958565478,0.4285465503564924,0.0,0.0,0.0,1
82.912,0.4372620958565478,0.4285465503564924,0.0,0.0,0.0,1
82.944,0.4372620958565478,0.4285465503564924,0.0,0.0,0.0,1
82.976,0.4372620958565478,0.4285465503564924,0.0,0.0,0.0,1
83.008,0.4372620958565478,0.4285465503564924,0.0,0.0,0.0,1
83.04,0.4372620958565478,0.4285465503564924,0.0,0.0,0.0,1
83.072,0.4372620958565478,0.4285465503564924,0.0,0.0,0.0,1
83.104,0.4372620958565478,0.4285465503564924,0.0,0.0,0.0,1
83.136,0.4372620958565478,0.4285465503564924,0.0,0.0,0.0,1
83.168,0.4372620958565478,0.4285465503564924,0.0,0.0,0.0,1
83.2,0.4372620958565478,0.4285465503564924,0.0,0.0,0.0,1
83.232,0.4372620958565478,0.4285465503564924,0.0,0.0,0.0,1
83.264,0.4372620958565478,0.4285465503564924,0.0,0.0,0.0,1
83.296,0.4372620958565478,0.4285465503564924,0.0,0.0,0.0,1
83.328,0.4372620958565478,0.4285465503564924,0.0,0.0,0.0,1
83.36,0.4372620958565478,0.4285465503564924,0.0,0.0,0.0,1
83.392,0.4372620958565478,0.4285465503564924,0.0,0.0,0.0,1
83.424,0.4372620958565478,0.4285465503564924,0.0,0.0,0.0,1
83.456,0.4372620958565478,0.4285465503564924,0.0,0.0,0.0,1
83.488,0.4372620958565478,0.4285465503564924,0.0,0.0,0.0,1
83.52,0.4372620958565478,0.4285465503564924,0.0,0.0,0.0,1
83.552,0.4372620958565478,0.4285465503564924,0.0,0.0,0.0,1
83.584,0.4372620958565478,0.4285465503564924,0.0,0.0,0.0,1
83.616,0.4372620958565478,0.4285465503564924,0.0,0.0,0.0,1
83.648,0.4372620958565478,0.4285465503564924,0.0,0.0,0.0,1
83.68,0.4372620958565478,0.4285465503564924,0.0,0.0,0.0,1
83.712,0.4372620958565478,0.4285465503564924,0.0,0.0,0.0,1
83.744,0.4372620958565478,0.4285465503564924,0.0,0.0,0.0,1
83.776,0.4372620958565478,0.4285465503564924,0.0,0.0,0.0,1
83.808,0.4372620958565478,0.4285465503564924,0.0,0.0,0.0,1
83.84,0.4372620958565478,0.4285465503564924,0.0,0.0,0.0,1
83.872,0.4372620958565478,0.4285465503564924,0.0,0.0,0.0,1
83.904,0.4372620958565478,0.4285465503564924,0.0,0.0,0.0,1
83.936,0.4372620958565478,0.4285465503564924,0.0,0.0,0.0,1
83.968,0.4372620958565478,0.4285465503564924,0.0,0.0,0.0,1
84.0,0.4372620958565478,0.4285465503564924,0.0,0.0,0.0,1
84.032,0.4372620958565478,0.4285465503564924,0.0,0.0,0.0,1
84.064,0.4372620958565478,0.4285465503564924,0.0,0.0,0.0,1
84.096,0.4372620958565478,0.4285465503564924,0.0,0.0,0.0,1
84.128,0.4372620958565478,0.4285465503564924,0.0,0.0,0.0,1
84.16,0.4372620958565478,0.4285465503564924,0.0,0.0,0.0,1
84.192,0.4372620958565478,0.4285465503564924,0.0,0.0,0.0,1
84.224,0.4372620958565478,0.4285465503564924,0.0,0.0,0.0,1
84.256,0.4372620958565478,0.4285465503564924,0.0,0.0,0.0,1
84.288,0.4372620958565478,0.4285465503564924,0.0,0.0,0.0,1
84.32,0.4372620958565478,0.4285465503564924,0.0,0.0,0.0,1
84.352,0.4372620958565478,0.4285465503564924,0.0,0.0,0.0,1
84.384,0.4372620958565478,0.4285465503564924,0.0,0.0,0.0,1
84.416,0.4372620958565478,0.4285465503564924,0.0,0.0,0.0,1
84.448,0.4372620958565478,0.4285465503564924,0.0,0.0,0.0,1
84.48,0.4372620958565478,0.4285465503564924,0.0,0.0,0.0,1
84.512,0.4372620958565478,0.4285465503564924,0.0,0.0,0.0,1
84.544,0.4372620958565478,0.4285465503564924,0.0,0.0,0.0,1
84.576,0.4372620958565478,0.4285465503564924,0.0,0.0,0.0,1
84.608,0.4372620958565478,0.4285465503564924,0.0,0.0,0.0,1
84.64,0.4372620958565478,0.4285465503564924,0.0,0.0,0.0,1
84.672,0.4372620958565478,0.4285465503564924,0.0,0.0,0.0,1
84.704,0.4372620958565478,0.4285465503564924,0.0,0.0,0.0,1
84.736,0.4372620958565478,0.4285465503564924,0.0,0.0,0.0,1
84.768,0.4372620958565478,0.4285465503564924,0.0,0.0,0.0,1
84.8,0.4372620958565478,0.4285465503564924,0.0,0.0,0.0,1
84.832,0.4372620958565478,0.4285465503564924,0.0,0.0,0.0,1
84.864,0.4372620958565478,0.4285465503564924,0.0,0.0,0.0,1
84.896,0.4372620958565478,0.4285465503564924,0.0,0.0,0.0,1
84.928,0.4372620958565478,0.4285465503564924,0.0,0.0,0.0,1
84.96,0.4372620958565478,0.4285465503564924,0.0,0.0,0.0,1
84.992,0.4372620958565478,0.4285465503564924,0.0,0.0,0.0,1
85.024,0.4372620958565478,0.4285465503564924,0.0,0.0,0.0,1
85.056,0.4372620958565478,0.4285465503564924,0.0,0.0,0.0,1
85.088,0.4372620958565478,0.4285465503564924,0.0,0.0,0.0,1
85.12,0.4372620958565478,0.4285465503564924,0.0,0.0,0.0,1
85.152,0.4372620958565478,0.4285465503564924,0.0,0.0,0.0,1
85.184,0.4372620958565478,0.4285465503564924,0.0,0.0,0.0,1
85.216,0.4372620958565478,0.4285465503564924,0.0,0.0,0.0,1
85.248,0.4372620958565478,0.4285465503564924,0.0,0.0,0.0,1
85.28,0.4372620958565478,0.4285465503564924,0.0,0.0,0.0,1
85.312,0.4372620958565478,0.4285465503564924,0.0,0.0,0.0,1
85.344,0.4372620958565478,0.4285465503564924,0.0,0.0,0.0,1
85.376,0.4372620958565478,0.4285465503564924,0.0,0.0,0.0,1
85.408,0.4372620958565478,0.4285465503564924,0.0,0.0,0.0,1
85.44,0.4372620958565478,0.4285465503564924,0.0,0.0,0.0,1
85.472,0.4372620958565478,0.4285465503564924,0.0,0.0,0.0,1
85.504,0.4372620958565478,0.4285465503564924,0.0,0.0,0.0,1
85.536,0.4372620958565478,0.4285465503564924,0.0,0.0,0.0,1
85.568,0.4372620958565478,0.4285465503564924,0.0,0.0,0.0,1
85.6,0.4372620958565478,0.4285465503564924,0.0,0.0,0.0,1
85.632,0.4372620958565478,0.4285465503564924,0.0,0.0,0.0,1
85.664,0.4372620958565478,0.4285465503564924,0.0,0.0,0.0,1
85.696,0.4372620958565478,0.4285465503564924,0.0,0.0,0.0,1
85.728,0.4372620958565478,0.4285465503564924,0.0,0.0,0.0,1
85.76,0.4372620958565478,0.4285465503564924,0.0,0.0,0.0,1
85.792,0.4372620958565478,0.4285465503564924,0.0,0.0,0.0,1
85.824,0.4372620958565478,0.4285465503564924,0.0,0.0,0.0,1
85.856,0.4372620958565478,0.4285465503564924,0.0,0.0,0.0,1
85.888,0.4372620958565478,0.4285465503564924,0.0,0.0,0.0,1
85.92,0.4372620958565478,0.4285465503564924,0.0,0.0,0.0,1
85.952,0.4372620958565478,0.4285465503564924,0.0,0.0,0.0,1
85.984,0.4372620958565478,0.4285465503564924,0.0,0.0,0.0,1
86.016,0.4372620958565478,0.4285465503564924,0.0,0.0,0.0,1
86.048,0.4372620958565478,0.4285465503564924,0.0,0.0,0.0,1
86.08,0.4372620958565478,0.4285465503564924,0.0,0.0,0.0,1
86.112,0.4372620958565478,0.4285465503564924,0.0,0.0,0.0,1
86.144,0.4372620958565478,0.4285465503564924,0.0,0.0,0.0,1
86.176,0.4372620958565478,0.4285465503564924,0.0,0.0,0.0,1
86.208,0.4372620958565478,0.4285465503564924,0.0,0.0,0.0,1
86.24,0.4372620958565478,0.4285465503564924,0.0,0.0,0.0,1
86.272,0.4372620958565478,0.4285465503564924,0.0,0.0,0.0,1
86.304,0.4372620958565478,0.4285465503564924,0.0,0.0,0.0,1
86.336,0.4372620958565478,0.4285465503564924,0.0,0.0,0.0,1
86.368,0.4372620958565478,0.4285465503564924,0.0,0.0,0.0,1
86.4,0.4372620958565478,0.4285465503564924,0.0,0.0,0.0,1
86.432,0.4372620958565478,0.4285465503564924,0.0,0.0,0.0,1
86.464,0.4372620958565478,0.4285465503564924,0.0,0.0,0.0,1
86.496,0.4372620958565478,0.4285465503564924,0.0,0.0,0.0,1
86.528,0.4372620958565478,0.4285465503564924,0.0,0.0,0.0,1
86.56,0.4372620958565478,0.4285465503564924,0.0,0.0,0.0,1
86.592,0.4372620958565478,0.4285465503564924,0.0,0.0,0.0,1
86.624,0.4372620958565478,0.4285465503564924,0.0,0.0,0.0,1
86.656,0.4372620958565478,0.4285465503564924,0.0,0.0,0.0,1
86.688,0.4372620958565478,0.4285465503564924,0.0,0.0,0.0,1
86.72,0.4372620958565478,0.4285465503564924,0.0,0.0,0.0,1
86.752,0.4372620958565478,0.4285465503564924,0.0,0.0,0.0,1
86.784,0.4372620958565478,0.4285465503564924,0.0,0.0,0.0,1
86.816,0.4372620958565478,0.4285465503564924,0.0,0.0,0.0,1
86.848,0.4372620958565478,0.4285465503564924,0.0,0.0,0.0,1
86.88,0.4372620958565478,0.4285465503564924,0.0,0.0,0.0,1
86.912,0.4372620958565478,0.4285465503564924,0.0,0.0,0.0,1
86.944,0.4372620958565478,0.4285465503564924,0.0,0.0,0.0,1
86.976,0.4372620958565478,0.4285465503564924,0.0,0.0,0.0,1
87.008,0.4372620958565478,0.4285465503564924,0.0,0.0,0.0,1
87.04,0.4372620958565478,0.4285465503564924,0.0,0.0,0.0,1
87.072,0.4372620958565478,0.4285465503564924,0.0,0.0,0.0,1
87.104,0.4372620958565478,0.4285465503564924,0.0,0.0,0.0,1
87.136,0.4372620958565478,0.4285465503564924,0.0,0.0,0.0,1
87.168,0.4372620958565478,0.4285465503564924,0.0,0.0,0.0,1
87.2,0.4372620958565478,0.4285465503564924,0.0,0.0,0.0,1
87.232,0.4372620958565478,0.4285465503564924,0.0,0.0,0.0,1
87.264,0.4372620958565478,0.4285465503564924,0.0,0.0,0.0,1
87.296,0.4372620958565478,0.4285465503564924,0.0,0.0,0.0,1
87.328,0.4372620958565478,0.4285465503564924,0.0,0.0,0.0,1
87.36,0.4372620958565478,0.4285465503564924,0.0,0.0,0.0,1
87.392,0.4372620958565478,0.4285465503564924,0.0,0.0,0.0,1
87.424,0.4372620958565478,0.4285465503564924,0.0,0.0,0.0,1
87.456,0.4372620958565478,0.4285465503564924,0.0,0.0,0.0,1
87.488,0.4372620958565478,0.4285465503564924,0.0,0.0,0.0,1
87.52,0.4372620958565478,0.4285465503564924,0.0,0.0,0.0,1
87.552,0.4372620958565478,0.4285465503564924,0.0,0.0,0.0,1
87.584,0.4372620958565478,0.4285465503564924,0.0,0.0,0.0,1
87.616,0.4372620958565478,0.4285465503564924,0.0,0.0,0.0,1
87.648,0.4372620958565478,0.4285465503564924,0.0,0.0,0.0,1
87.68,0.4372620958565478,0.4285465503564924,0.0,0.0,0.0,1
87.712,0.4372620958565478,0.4285465503564924,0.0,0.0,0.0,1
87.744,0.4372620958565478,0.4285465503564924,0.0,0.0,0.0,1
87.776,0.4372620958565478,0.4285465503564924,0.0,0.0,0.0,1
87.808,0.4372620958565478,0.4285465503564924,0.0,0.0,0.0,1
87.84,0.4372620958565478,0.4285465503564924,0.0,0.0,0.0,1
87.872,0.4372620958565478,0.4285465503564924,0.0,0.0,0.0,1
87.904,0.4372620958565478,0.4285465503564924,0.0,0.0,0.0,1
87.936,0.4372620958565478,0.4285465503564924,0.0,0.0,0.0,1
87.968,0.4372620958565478,0.4285465503564924,0.0,0.0,0.0,1
88.0,0.4372620958565478,0.4285465503564924,0.0,0.0,0.0,1
88.032,0.4372620958565478,0.4285465503564924,0.0,0.0,0.0,1
88.064,0.4372620958565478,0.4285465503564924,0.0,0.0,0.0,1
88.096,0.4372620958565478,0.4285465503564924,0.0,0.0,0.0,1
88.128,0.4372620958565478,0.4285465503564924,0.0,0.0,0.0,1
88.16,0.4372620958565478,0.4285465503564924,0.0,0.0,0.0,1
88.192,0.4372620958565478,0.4285465503564924,0.0,0.0,0.0,1
88.224,0.4372620958565478,0.4285465503564924,0.0,0.0,0.0,1
88.256,0.4372620958565478,0.4285465503564924,0.0,0.0,0.0,1
88.288,0.4372620958565478,0.4285465503564924,0.0,0.0,0.0,1
88.32,0.4372620958565478,0.4285465503564924,0.0,0.0,0.0,1
88.352,0.4372620958565478,0.4285465503564924,0.0,0.0,0.0,1
88.384,0.4372620958565478,0.4285465503564924,0.0,0.0,0.0,1
88.416,0.4372620958565478,0.4285465503564924,0.0,0.0,0.0,1
88.448,0.4372620958565478,0.4285465503564924,0.0,0.0,0.0,1
88.48,0.4372620958565478,0.4285465503564924,0.0,0.0,0.0,1
88.512,0.4372620958565478,0.4285465503564924,0.0,0.0,0.0,1
88.544,0.4372620958565478,0.4285465503564924,0.0,0.0,0.0,1
88.576,0.4372620958565478,0.4285465503564924,0.0,0.0,0.0,1
88.608,0.4372620958565478,0.4285465503564924,0.0,0.0,0.0,1
88.64,0.4372620958565478,0.4285465503564924,0.0,0.0,0.0,1
88.672,0.4372620958565478,0.4285465503564924,0.0,0.0,0.0,1
88.704,0.4372620958565478,0.4285465503564924,0.0,0.0,0.0,1
88.736,0.4372620958565478,0.4285465503564924,0.0,0.0,0.0,1
88.768,0.4372620958565478,0.4285465503564924,0.0,0.0,0.0,1
88.8,0.4372620958565478,0.4285465503564924,0.0,0.0,0.0,1
88.832,0.4372620958565478,0.4285465503564924,0.0,0.0,0.0,1
88.864,0.4372620958565478,0.4285465503564924,0.0,0.0,0.0,1
88.896,0.4372620958565478,0.4285465503564924,0.0,0.0,0.0,1
88.928,0.4372620958565478,0.4285465503564924,0.0,0.0,0.0,1
88.96,0.4372620958565478,0.4285465503564924,0.0,0.0,0.0,1
88.992,0.4372620958565478,0.4285465503564924,0.0,0.0,0.0,1
89.024,0.4372620958565478,0.4285465503564924,0.0,0.0,0.0,1
89.056,0.4372620958565478,0.4285465503564924,0.0,0.0,0.0,1
89.088,0.4372620958565478,0.4285465503564924,0.0,0.0,0.0,1
89.12,0.4372620958565478,0.4285465503564924,0.0,0.0,0.0,1
89.152,0.4372620958565478,0.4285465503564924,0.0,0.0,0.0,1
89.184,0.4372620958565478,0.4285465503564924,0.0,0.0,0.0,1
89.216,0.4372620958565478,0.4285465503564924,0.0,0.0,0.0,1
89.248,0.4372620958565478,0.4285465503564924,0.0,0.0,0.0,1
89.28,0.4372620958565478,0.4285465503564924,0.0,0.0,0.0,1
89.312,0.4372620958565478,0.4285465503564924,0.0,0.0,0.0,1
89.344,0.4372620958565478,0.4285465503564924,0.0,0.0,0.0,1
89.376,0.4372620958565478,0.4285465503564924,0.0,0.0,0.0,1
89.408,0.4372620958565478,0.4285465503564924,0.0,0.0,0.0,1
89.44,0.4372620958565478,0.4285465503564924,0.0,0.0,0.0,1
89.472,0.4372620958565478,0.4285465503564924,0.0,0.0,0.0,1
89.504,0.4372620958565478,0.4285465503564924,0.0,0.0,0.0,1
89.536,0.4372620958565478,0.4285465503564924,0.0,0.0,0.0,1
89.568,0.4372620958565478,0.4285465503564924,0.0,0.0,0.0,1
89.6,0.4372620958565478,0.4285465503564924,0.0,0.0,0.0,1
89.632,0.4372620958565478,0.4285465503564924,0.0,0.0,0.0,1
89.664,0.4372620958565478,0.4285465503564924,0.0,0.0,0.0,1
89.696,0.4372620958565478,0.4285465503564924,0.0,0.0,0.0,1
89.728,0.4372620958565478,0.4285465503564924,0.0,0.0,0.0,1
89.76,0.4372620958565478,0.4285465503564924,0.0,0.0,0.0,1
89.792,0.4372620958565478,0.4285465503564924,0.0,0.0,0.0,1
89.824,0.4372620958565478,0.4285465503564924,0.0,0.0,0.0,1
89.856,0.4372620958565478,0.4285465503564924,0.0,0.0,0.0,1
89.888,0.4372620958565478,0.4285465503564924,0.0,0.0,0.0,1
89.92,0.4372620958565478,0.4285465503564924,0.0,0.0,0.0,1
89.952,0.4372620958565478,0.4285465503564924,0.0,0.0,0.0,1
89.984,0.4372620958565478,0.4285465503564924,0.0,0.0,0.0,1
